20.03.2018|приход|пакеты перчатки|ватные диски Свежанка 120 шт|2|19,00
20.03.2018|приход|пакеты перчатки|ватные диски Свежанка 150 шт|1|21,00
20.03.2018|приход|пакеты перчатки|ватные диски Флорика 120шт|3|21,00
20.03.2018|приход|пакеты перчатки|ватные палочки|2|9,00
20.03.2018|приход|пакеты перчатки|ватные палочки «Аура»|1|17,00
20.03.2018|приход|пакеты перчатки|ватные палочки «Дрим»|4|16,00
20.03.2018|приход|пакеты перчатки|ватные палочки 100|2|12,00
20.03.2018|приход|пакеты перчатки|ватные палочки 200|1|19,00
20.03.2018|приход|пакеты перчатки|ватные палочки 200|1|18,50
20.03.2018|приход|пакеты перчатки|ватные палочки 400|2|33,00
20.03.2018|приход|пакеты перчатки|ватные палочки 50|2|9,00
20.03.2018|приход|пакеты перчатки|газ для зажигалки|1|22,00
20.03.2018|приход|пакеты перчатки|губка антибакт мелочи жизни|12|3,25
20.03.2018|приход|пакеты перчатки|губка банная Афродита|1|26,00
20.03.2018|приход|пакеты перчатки|губка банная Лагуна|2|25,00
20.03.2018|приход|пакеты перчатки|губка банная Муза|2|24,00
20.03.2018|приход|пакеты перчатки|губка банная спорт|1|23,00
20.03.2018|приход|пакеты перчатки|губка банная Fitness|1|26,00
20.03.2018|приход|пакеты перчатки|губка банная Malva|1|13,00
20.03.2018|приход|пакеты перчатки|губка банная Matale|1|13,00
20.03.2018|приход|пакеты перчатки|губка банная Nar|1|17,00
20.03.2018|приход|пакеты перчатки|губка д/о “Дивидик” оптима|4|15,00
20.03.2018|приход|пакеты перчатки|губка д/о «Сильвер»|3|14,00
20.03.2018|приход|пакеты перчатки|губка д/о блеск Дивидик|18|13
20.03.2018|приход|пакеты перчатки|губка кух Мойдодыр деликат |4|3,25
20.03.2018|приход|пакеты перчатки|губка кухон акция|10|2,25
20.03.2018|приход|пакеты перчатки|губка кухон акция|35|2,00
20.03.2018|приход|пакеты перчатки|губка кухон антибактериальная|21|3,25
20.03.2018|приход|пакеты перчатки|губка кухон Доми|20|5,50
20.03.2018|приход|пакеты перчатки|губка кухон мелочи жизни Б|52|2,75
20.03.2018|приход|пакеты перчатки|губка кухонная макси |2|2,00
20.03.2018|приход|пакеты перчатки|губка кухонные мелочи жизни |4|2,75
20.03.2018|приход|пакеты перчатки|губка кухонные мелочи жизни |6|1,75
20.03.2018|приход|пакеты перчатки|Губка мелочи жизни|24|1,50
20.03.2018|приход|пакеты перчатки|Губка мелочи жизни |1|24,00
20.03.2018|приход|пакеты перчатки|губка мойдодир хвиля |1|2,10
20.03.2018|приход|пакеты перчатки|губка универсальн Мелочи жизни 3шт|6|20,00
20.03.2018|приход|пакеты перчатки|губка универсальн Мелочи жизни 3шт акция|3|12,00
20.03.2018|приход|пакеты перчатки|губка универсальн Мелочи жизни 5шт |2|34,00
20.03.2018|приход|пакеты перчатки|Губка Vortex для стекл посуды|1|9,50
20.03.2018|приход|пакеты перчатки|Губка Vortex для тефлона|1|10,50
20.03.2018|приход|пакеты перчатки|губки д/о Gold care|1|12,00
20.03.2018|приход|пакеты перчатки|губки д/о Silver|1|14,00
20.03.2018|приход|пакеты перчатки|ерш для посуды|1|2,50
20.03.2018|приход|пакеты перчатки|ершик|1|7,50
20.03.2018|приход|пакеты перчатки|ершик кух тройной|7|9,00
20.03.2018|приход|пакеты перчатки|клеенка желтая|1,5|27,00
20.03.2018|приход|пакеты перчатки|клеенка кух |35,45|40,00
20.03.2018|приход|пакеты перчатки|клеенка кух рогожка|30|40,00
20.03.2018|приход|пакеты перчатки|клеенка кух силик |24|40,00
20.03.2018|приход|пакеты перчатки|клеенка кух толст|5,2|75,00
20.03.2018|приход|пакеты перчатки|клеенка кух тонк|4,5|10,00
20.03.2018|приход|пакеты перчатки|клеенка на стол б на основе|4|30
20.03.2018|приход|пакеты перчатки|клеенка на стол б обычн|8|20
20.03.2018|приход|пакеты перчатки|клеенка на стол м по шт|4|12
20.03.2018|приход|пакеты перчатки|клеенка прозрачн тонкая|41,3|10,00
20.03.2018|приход|пакеты перчатки|клеенка прозрачная|6,35|15,00
20.03.2018|приход|пакеты перчатки|клеенка черная|17,5|12,50
20.03.2018|приход|пакеты перчатки|крем д/кожи дивидик|1|26
20.03.2018|приход|пакеты перчатки|крем д/о Дивидик|10|14,5
20.03.2018|приход|пакеты перчатки|крем д/о Сова черн |6|11,50
20.03.2018|приход|пакеты перчатки|крем д/о Cavmen|1|13
20.03.2018|приход|пакеты перчатки|крем д/о Silver|1|24,00
20.03.2018|приход|пакеты перчатки|крем д/о Silver|1|18,50
20.03.2018|приход|пакеты перчатки|крем д/о Sitil|3|11,5
20.03.2018|приход|пакеты перчатки|крем Дивидик антипроп  250|1|55,50
20.03.2018|приход|пакеты перчатки|крем Дивидик бесцв|1|12,50
20.03.2018|приход|пакеты перчатки|крем Дивидик оптима|4|15,00
20.03.2018|приход|пакеты перчатки|крем Дивидик тубус|1|12,00
20.03.2018|приход|пакеты перчатки|крем Дивидик черный 75|1|26,00
20.03.2018|приход|пакеты перчатки|крем-краска Дивидик для замши|1|50,00
20.03.2018|приход|пакеты перчатки|крем-краска Дивидик для кожи|1|50,00
20.03.2018|приход|пакеты перчатки|Крем-краска Salamander востанавл|2|90,00
20.03.2018|приход|пакеты перчатки|крышка горячая|89|2,00
20.03.2018|приход|пакеты перчатки|крышка для вина|10|8,00
20.03.2018|приход|пакеты перчатки|крышка для вина|4|5,00
20.03.2018|приход|пакеты перчатки|крышка евро б|20|2,25
20.03.2018|приход|пакеты перчатки|крышка евро м|40|2,25
20.03.2018|приход|пакеты перчатки|крышка закаточ Господарочка|450|1,00
20.03.2018|приход|пакеты перчатки|крышка закаточ Измаил|480|1,00
20.03.2018|приход|пакеты перчатки|крышка закаточ Первомайск|150|1,00
20.03.2018|приход|пакеты перчатки|крышка на сковородку 22 см|1|63,00
20.03.2018|приход|пакеты перчатки|крышка на сковородку 28 см|2|100,00
20.03.2018|приход|пакеты перчатки|крышка пласм|2|0,65
20.03.2018|приход|пакеты перчатки|крышка пласм цветные|79|0,65
20.03.2018|приход|пакеты перчатки|крышка слив|20|2,50
20.03.2018|приход|пакеты перчатки|ледоходы|2|46,00
20.03.2018|приход|пакеты перчатки|липкий ролик д/одежды|1|35,00
20.03.2018|приход|пакеты перчатки|ложка д/о пласм|3|14,00
20.03.2018|приход|пакеты перчатки|ложка д/о пласм длин|1|17,00
20.03.2018|приход|пакеты перчатки|ложка д/о м|5|15,00
20.03.2018|приход|пакеты перчатки|ложка д/о мет дл|4|30,00
20.03.2018|приход|пакеты перчатки|ложка д/о мет м|2|10,00
20.03.2018|приход|пакеты перчатки|ложка д/о ср|5|20,00
20.03.2018|приход|пакеты перчатки|мешок|184|6,00
20.03.2018|приход|пакеты перчатки|мешок овощн 20 кг|37|3,00
20.03.2018|приход|пакеты перчатки|мешок овощн 30 кг|32|4,50
20.03.2018|приход|пакеты перчатки|мешок под засолку|15|10,00
20.03.2018|приход|пакеты перчатки|мешок под цемент|6|7,00
20.03.2018|приход|пакеты перчатки|мыльница|1|7,50
20.03.2018|приход|пакеты перчатки|пакет Босс с прорез ручками|26|2,50
20.03.2018|приход|пакеты перчатки|пакет майка|3|1,00
20.03.2018|приход|пакеты перчатки|пакет майка|30|0,75
20.03.2018|приход|пакеты перчатки|пакет майка тонкая|11|1,50
20.03.2018|приход|пакеты перчатки|пакет майка черн|33|1,50
20.03.2018|приход|пакеты перчатки|пакет майка BMW|2|3,50
20.03.2018|приход|пакеты перчатки|пакет майка BMW б|1|5,00
20.03.2018|приход|пакеты перчатки|Пакет майка BWM|36|3,50
20.03.2018|приход|пакеты перчатки|пакет ручка Босс|2|3,50
20.03.2018|приход|пакеты перчатки|пакет ручка черный|11|3,00
20.03.2018|приход|пакеты перчатки|пакет с ручкой|2|3,50
20.03.2018|приход|пакеты перчатки|пакет с ручкой|2|3,00
20.03.2018|приход|пакеты перчатки|пакет с ручкой газета|8|7,00
20.03.2018|приход|пакеты перчатки|пакет с ручкой газета|1|7,00
20.03.2018|приход|пакеты перчатки|пакет с ручкой газета|7|3,00
20.03.2018|приход|пакеты перчатки|пакет фасовочн 36|1|12,00
20.03.2018|приход|пакеты перчатки|пакет фасовочн майка|50|0,60
20.03.2018|приход|пакеты перчатки|пакет фасовочн рулон|2|10,00
20.03.2018|приход|пакеты перчатки|пакет фасовочн ручка|31|3,50
20.03.2018|приход|пакеты перчатки|Пакет BWM майка больш|17|5,00
20.03.2018|приход|пакеты перчатки|пакеты  д/мусора 35л 30шт ЧесноЧек|1|13,00
20.03.2018|приход|пакеты перчатки|пакеты д/заморозки 10*15|97|0,45
20.03.2018|приход|пакеты перчатки|пакеты д/заморозки 12*18|100|0,55
20.03.2018|приход|пакеты перчатки|пакеты д/заморозки 15*20|100|0,85
20.03.2018|приход|пакеты перчатки|пакеты д/заморозки 200*250|32|0,85
20.03.2018|приход|пакеты перчатки|пакеты д/заморозки 8*12|100|0,30
20.03.2018|приход|пакеты перчатки|пакеты д/мусора  30шт акция|1|13,00
20.03.2018|приход|пакеты перчатки|пакеты д/мусора  35л|1|8,50
20.03.2018|приход|пакеты перчатки|пакеты д/мусора  35л 100 шт мелочи жизни|1|56,00
20.03.2018|приход|пакеты перчатки|пакеты д/мусора  60л 15шт Бонус|1|12,50
20.03.2018|приход|пакеты перчатки|пакеты д/мусора  60л традиции качества |2|13,50
20.03.2018|приход|пакеты перчатки|пакеты д/мусора 120л 10шт Акция |1|23,00
20.03.2018|приход|пакеты перчатки|пакеты д/мусора 120л 10шт Акция |1|23,00
20.03.2018|приход|пакеты перчатки|пакеты д/мусора 120л 10шт Novax|1|24,00
20.03.2018|приход|пакеты перчатки|пакеты д/мусора 120л 15 шт мелочи жизни |2|58,00
20.03.2018|приход|пакеты перчатки|пакеты д/мусора 120л 15шт мелочи жизни|1|58,00
20.03.2018|приход|пакеты перчатки|пакеты д/мусора 160л 10шт Бравый кок |1|33,00
20.03.2018|приход|пакеты перчатки|пакеты д/мусора 160л 10шт мелочи жизни|1|37,00
20.03.2018|приход|пакеты перчатки|пакеты д/мусора 160л 10шт мелочи жизни|1|33,00
20.03.2018|приход|пакеты перчатки|пакеты д/мусора 160л 10шт Novax|2|37,00
20.03.2018|приход|пакеты перчатки|пакеты д/мусора 240л 5шт мелочи жизни|1|35,00
20.03.2018|приход|пакеты перчатки|пакеты д/мусора 35л 100шт мелочи жизни |1|56,00
20.03.2018|приход|пакеты перчатки|пакеты д/мусора 35л 15шт мелочи жизни с затяжкой|1|43,00
20.03.2018|приход|пакеты перчатки|пакеты д/мусора 35л 20шт Акция |1|10,50
20.03.2018|приход|пакеты перчатки|пакеты д/мусора 35л 20шт Акция |1|10,50
20.03.2018|приход|пакеты перчатки|пакеты д/мусора 35л 20шт мелочи жизни|1|14,00
20.03.2018|приход|пакеты перчатки|пакеты д/мусора 35л 20шт мелочи жизни|4|14,00
20.03.2018|приход|пакеты перчатки|пакеты д/мусора 35л 30шт Акция |2|13,50
20.03.2018|приход|пакеты перчатки|пакеты д/мусора 35л 30шт мелочи жизни|1|13,00
20.03.2018|приход|пакеты перчатки|пакеты д/мусора 35л 30шт мелочи жизни |1|18,00
20.03.2018|приход|пакеты перчатки|пакеты д/мусора 35л 30шт мелочи жизни |13|18,00
20.03.2018|приход|пакеты перчатки|пакеты д/мусора 35л 30шт мелочи жизни с затяжкой|1|23,00
20.03.2018|приход|пакеты перчатки|пакеты д/мусора 35л 30шт Рута|1|16,00
20.03.2018|приход|пакеты перчатки|пакеты д/мусора 35л 30шт Эко|1|13,50
20.03.2018|приход|пакеты перчатки|пакеты д/мусора 35л 30шт Note|1|10,00
20.03.2018|приход|пакеты перчатки|пакеты д/мусора 35л 50шт мелочи жизни |1|28,00
20.03.2018|приход|пакеты перчатки|пакеты д/мусора 35л 50шт мелочи жизни |3|28,00
20.03.2018|приход|пакеты перчатки|пакеты д/мусора 35л 50шт ЧесноЧек|1|21,00
20.03.2018|приход|пакеты перчатки|пакеты д/мусора 35л 50шт NEC|1|21,00
20.03.2018|приход|пакеты перчатки|пакеты д/мусора 35л традиции качества|12|8,00
20.03.2018|приход|пакеты перчатки|пакеты д/мусора 60л 10шт мелочи жизни|1|13,00
20.03.2018|приход|пакеты перчатки|пакеты д/мусора 60л 15шт акция|1|18,00
20.03.2018|приход|пакеты перчатки|пакеты д/мусора 60л 20шт мелочи жизни |2|26,00
20.03.2018|приход|пакеты перчатки|пакеты д/мусора 60л 30шт мелочи жизни|1|26,00
20.03.2018|приход|пакеты перчатки|пакеты набор 16*30|1|12,00
20.03.2018|приход|пакеты перчатки|пакеты набор 18*35|1|10,00
20.03.2018|приход|пакеты перчатки|пакеты набор 22*38|1|14,00
20.03.2018|приход|пакеты перчатки|пакеты набор №36|1|12,00
20.03.2018|приход|пакеты перчатки|пакеты с затяжк 35 л 15 шт Мелочи жизни |9|23,00
20.03.2018|приход|пакеты перчатки|пакеты с затяжк 35 л 30 шт Мелочи жизни|5|43,00
20.03.2018|приход|пакеты перчатки|пакеты фасов  9|2|77,00
20.03.2018|приход|пакеты перчатки|папір 5м Torba super |1|15,00
20.03.2018|приход|пакеты перчатки|пергамент|1|6,00
20.03.2018|приход|пакеты перчатки|Пергамент 6 м|1|10,00
20.03.2018|приход|пакеты перчатки|Пергамент 6 м|1|8,00
20.03.2018|приход|пакеты перчатки|пергамент 6м Matador |1|8,00
20.03.2018|приход|пакеты перчатки|пергамент длинн|1|10,00
20.03.2018|приход|пакеты перчатки|пергамент мелочи жизни|1|27,00
20.03.2018|приход|пакеты перчатки|перчатки  прор стр|1|4,50
20.03.2018|приход|пакеты перчатки|перчатки  прорез обр пена|32|21,00
20.03.2018|приход|пакеты перчатки|перчатки долони|1|40,00
20.03.2018|приход|пакеты перчатки|перчатки домашние|1|16,00
20.03.2018|приход|пакеты перчатки|перчатки краш желтые|2|110,00
20.03.2018|приход|пакеты перчатки|перчатки краш красн|3|115,00
20.03.2018|приход|пакеты перчатки|перчатки краш серые|4|58,00
20.03.2018|приход|пакеты перчатки|перчатки краш синие Польша|1|190,00
20.03.2018|приход|пакеты перчатки|перчатки краш черные|4|110,00
20.03.2018|приход|пакеты перчатки|перчатки латекс|22|3,00
20.03.2018|приход|пакеты перчатки|перчатки нитриловые|4|2,00
20.03.2018|приход|пакеты перчатки|перчатки прор капля|1|28,00
20.03.2018|приход|пакеты перчатки|перчатки прор сине желт|1|19,00
20.03.2018|приход|пакеты перчатки|перчатки прор стр желт|1|7,00
20.03.2018|приход|пакеты перчатки|перчатки прор стр красн|1|25,00
20.03.2018|приход|пакеты перчатки|перчатки прор стр серые|1|20,00
20.03.2018|приход|пакеты перчатки|перчатки прор черн|1|35,00
20.03.2018|приход|пакеты перчатки|перчатки прорез желт|25|23,00
20.03.2018|приход|пакеты перчатки|перчатки прорез красная ладонь|9|40,00
20.03.2018|приход|пакеты перчатки|перчатки прорез синие|12|35,00
20.03.2018|приход|пакеты перчатки|перчатки прорез синяя ладонь|11|40,00
20.03.2018|приход|пакеты перчатки|перчатки прорез стр синие|10|18,00
20.03.2018|приход|пакеты перчатки|перчатки прорез стрейч|48|7,00
20.03.2018|приход|пакеты перчатки|перчатки рез синие|46|13,00
20.03.2018|приход|пакеты перчатки|перчатки синие монтаж|1|35,00
20.03.2018|приход|пакеты перчатки|перчатки синие прорез|1|17,50
20.03.2018|приход|пакеты перчатки|перчатки стекл|1|17,50
20.03.2018|приход|пакеты перчатки|перчатки стрейч нитрил |2|10,00
20.03.2018|приход|пакеты перчатки|перчатки теплые желт|7|12,00
20.03.2018|приход|пакеты перчатки|перчатки тигр|1|30,00
20.03.2018|приход|пакеты перчатки|перчатки флис|3|35,00
20.03.2018|приход|пакеты перчатки|перчатки х/б |17|13,00
20.03.2018|приход|пакеты перчатки|перчатки х/б |4|12,00
20.03.2018|приход|пакеты перчатки|перчатки х/б  желт|12|15,00
20.03.2018|приход|пакеты перчатки|перчатки х/б бел|1|13,00
20.03.2018|приход|пакеты перчатки|перчатки х/б двойн бел|1|17,00
20.03.2018|приход|пакеты перчатки|перчатки х/б звезда|65|18,00
20.03.2018|приход|пакеты перчатки|перчатки х/б кирпич|8|18,00
20.03.2018|приход|пакеты перчатки|перчатки х/б син|1|14,00
20.03.2018|приход|пакеты перчатки|перчатки х/б черн|1|13,00
20.03.2018|приход|пакеты перчатки|перчатки х/б FAR|1|6,50
20.03.2018|приход|пакеты перчатки|перчатки хб |34|13,00
20.03.2018|приход|пакеты перчатки|перчатки хб |32|12,00
20.03.2018|приход|пакеты перчатки|перчатки хб двойные|13|20,00
20.03.2018|приход|пакеты перчатки|перчатки хб желтые|14|8,00
20.03.2018|приход|пакеты перчатки|перчатки хб PORA|10|10,00
20.03.2018|приход|пакеты перчатки|плащ дождевик дет|2|13,50
20.03.2018|приход|пакеты перчатки|плащ дождевик обычный|1|10,00
20.03.2018|приход|пакеты перчатки|плащ дождевик под кнопки|1|21,00
20.03.2018|приход|пакеты перчатки|плащ дождевик под пояс |1|19,00
20.03.2018|приход|пакеты перчатки|пленка для продукт 100м Matador|2|27,00
20.03.2018|приход|пакеты перчатки|пленка для продукт 300м Matador |1|62,00
20.03.2018|приход|пакеты перчатки|пленка пищевая  100м мелочи жизни|1|63,00
20.03.2018|приход|пакеты перчатки|пленка пищевая  200м мелочи жизни|1|47,00
20.03.2018|приход|пакеты перчатки|пленка пищевая  20м акция|2|10,00
20.03.2018|приход|пакеты перчатки|пленка пищевая  20м мелочи жизни|1|30,00
20.03.2018|приход|пакеты перчатки|пленка пищевая  20м мелочи жизни|2|17,00
20.03.2018|приход|пакеты перчатки|пленка пищевая  50м|1|8,00
20.03.2018|приход|пакеты перчатки|пленка пищевая  50м мелочи жизни|1|37,00
20.03.2018|приход|пакеты перчатки|пленка пищевая 20м Акция|2|10,00
20.03.2018|приход|пакеты перчатки|пленка пищевая Maestro |1|17,50
20.03.2018|приход|пакеты перчатки|пленка солнцезащ|19|10,00
20.03.2018|приход|пакеты перчатки|пленка солнцезащит|5|10,00
20.03.2018|приход|пакеты перчатки|полотенца папер|1|13,00
20.03.2018|приход|пакеты перчатки|полотенце |1|23,50
20.03.2018|приход|пакеты перчатки|полотенце  Рута|1|35,50
20.03.2018|приход|пакеты перчатки|полотенце Рута|3|33,50
20.03.2018|приход|пакеты перчатки|прокладки  Нормал|2|12,00
20.03.2018|приход|пакеты перчатки|прокладки натурелла|1|18,50
20.03.2018|приход|пакеты перчатки|Прокладки always|5|26,50
20.03.2018|приход|пакеты перчатки|Прокладки Flirt|2|38,25
20.03.2018|приход|пакеты перчатки|Прокладки Molped ежедн|1|55,00
20.03.2018|приход|пакеты перчатки|Прокладки Molped ultra normal|6|26,00
20.03.2018|приход|пакеты перчатки|Прокладки naturella |1|23,85
20.03.2018|приход|пакеты перчатки|Прокладки naturella ежедн|2|21,15
20.03.2018|приход|пакеты перчатки|Прокладки naturella normal|1|24,00
20.03.2018|приход|пакеты перчатки|Прокладки Normal  classic тамп|2|17,00
20.03.2018|приход|пакеты перчатки|Прокладки normal clinic|1|36,00
20.03.2018|приход|пакеты перчатки|Прокладки normal clinic|5|21,00
20.03.2018|приход|пакеты перчатки|Прокладки normal clinic ежед|5|17,50
20.03.2018|приход|пакеты перчатки|Прокладки Normal clinic classic|1|10,00
20.03.2018|приход|пакеты перчатки|рукав 3м Perfetto|1|6,00
20.03.2018|приход|пакеты перчатки|Рукав для запекания мелочи жизни 10м|1|42,15
20.03.2018|приход|пакеты перчатки|Рукав для запекания мелочи жизни 10м|1|42,15
20.03.2018|приход|пакеты перчатки|Рукав для запекания мелочи жизни 3м|5|18,50
20.03.2018|приход|пакеты перчатки|Рукав для запекания мелочи жизни 3м|1|18,50
20.03.2018|приход|пакеты перчатки|Рукав для запекания мелочи жизни 5м|2|28,00
20.03.2018|приход|пакеты перчатки|рукав для запекания Мойдодыр 2м|1|9,00
20.03.2018|приход|пакеты перчатки|рукав для запекания Happy 3м|1|15,00
20.03.2018|приход|пакеты перчатки|рукавица хб|1|17,00
20.03.2018|приход|пакеты перчатки|рукавица хб|2|15,00
20.03.2018|приход|пакеты перчатки|рукавицы детские|1|20,00
20.03.2018|приход|пакеты перчатки|Рукавицы краги черн|1|110,00
20.03.2018|приход|пакеты перчатки|рукавицы рабоч брезент|3|25,00
20.03.2018|приход|пакеты перчатки|рукавицы рабоч брезент|16|17,00
20.03.2018|приход|пакеты перчатки|рукавицы рабоч брезент тонкие|18|13,00
20.03.2018|приход|пакеты перчатки|рукавицы рабоч прорез желт|44|23,00
20.03.2018|приход|пакеты перчатки|рукавицы рабоч прорез желт с черн напыл|5|35,00
20.03.2018|приход|пакеты перчатки|рукавицы рабоч прорез красн|7|40,00
20.03.2018|приход|пакеты перчатки|рукавицы рабоч прорез красн|1|25,00
20.03.2018|приход|пакеты перчатки|рукавицы рабоч прорез нитрил|13|10,00
20.03.2018|приход|пакеты перчатки|рукавицы рабоч прорез синие|3|42,00
20.03.2018|приход|пакеты перчатки|рукавицы рабоч прорез синие|20|35,00
20.03.2018|приход|пакеты перчатки|рукавицы рабоч прорез стр желт|5|7,00
20.03.2018|приход|пакеты перчатки|рукавицы рабоч прорез стр серые|13|20,00
20.03.2018|приход|пакеты перчатки|рукавицы рабоч прорез стр синие|1|40,00
20.03.2018|приход|пакеты перчатки|рукавицы рабоч прорез стр тигр|12|30,00
20.03.2018|приход|пакеты перчатки|рукавицы рабоч прорез стрейч пена желт|12|28,00
20.03.2018|приход|пакеты перчатки|рукавицы рабоч резин|6|17,00
20.03.2018|приход|пакеты перчатки|рукавицы рабоч резин|11|16,00
20.03.2018|приход|пакеты перчатки|рукавицы рабоч резин Польша|7|25,00
20.03.2018|приход|пакеты перчатки|рукавицы рабоч хб|3|8,00
20.03.2018|приход|пакеты перчатки|салфетка влажн |1|3,50
20.03.2018|приход|пакеты перчатки|салфетка премьер|2|4,50
20.03.2018|приход|пакеты перчатки|салфетка Рута |1|15,75
20.03.2018|приход|пакеты перчатки|салфетка сухая|1|1,50
20.03.2018|приход|пакеты перчатки|салфеткаи влажные|1|3,00
20.03.2018|приход|пакеты перчатки|салфеткаи влажные|1|2,50
20.03.2018|приход|пакеты перчатки|салфетки 120шт FLORIKA|4|25,00
20.03.2018|приход|пакеты перчатки|Салфетки 5 шт мелочи жизни|1|34,00
20.03.2018|приход|пакеты перчатки|салфетки 90шт FLORIKA|1|21,00
20.03.2018|приход|пакеты перчатки|салфетки влаговпит 3 шт акция|1|18,00
20.03.2018|приход|пакеты перчатки|салфетки влаговпит 3 шт мелочи жизни|1|32,00
20.03.2018|приход|пакеты перчатки|салфетки влаговпит 5 шт акция|1|27,00
20.03.2018|приход|пакеты перчатки|салфетки влаговпит 5 шт мелочи жизни|2|42,00
20.03.2018|приход|пакеты перчатки|салфетки влаговпитывающие 3шт|9|32,00
20.03.2018|приход|пакеты перчатки|салфетки влаговпитывающие 5шт|3|42,00
20.03.2018|приход|пакеты перчатки|салфетки влаговпитывающие акция 3шт|6|18,00
20.03.2018|приход|пакеты перчатки|салфетки влаговпитывающие акция 5 шт|3|24,00
20.03.2018|приход|пакеты перчатки|салфетки влаговпитывающие детс 72шт|2|21,00
20.03.2018|приход|пакеты перчатки|салфетки влаж Браво|1|21,00
20.03.2018|приход|пакеты перчатки|салфетки влажн с клапан 72шт|1|30,00
20.03.2018|приход|пакеты перчатки|салфетки влажные  (м)|12|3,50
20.03.2018|приход|пакеты перчатки|салфетки влажные Рута детс 72 шт|1|35,00
20.03.2018|приход|пакеты перчатки|салфетки детск влажн 72шт|1|35,00
20.03.2018|приход|пакеты перчатки|салфетки макс эффект Фрекен бок|1|50,00
20.03.2018|приход|пакеты перчатки|салфетки микрофибра Фрекен бок|1|49,00
20.03.2018|приход|пакеты перчатки|салфетки премьер|4|5,50
20.03.2018|приход|пакеты перчатки|салфетки Рута|4|15,00
20.03.2018|приход|пакеты перчатки|салфетки Рута|1|14,00
20.03.2018|приход|пакеты перчатки|салфетки Рута|1|12,75
20.03.2018|приход|пакеты перчатки|салфетки Рута|2|12,50
20.03.2018|приход|пакеты перчатки|салфетки универс 3шт акция|1|12,00
20.03.2018|приход|пакеты перчатки|Салфетки Bonjour хустинки паперові|6|1,50
20.03.2018|приход|пакеты перчатки|свечи хоз|15|14,00
20.03.2018|приход|пакеты перчатки|свечи хоз|10|7,50
20.03.2018|приход|пакеты перчатки|свечи хоз|4|7,50
20.03.2018|приход|пакеты перчатки|свечи хоз 10часов|20|8,50
20.03.2018|приход|пакеты перчатки|свечи хоз 12часов|20|10,00
20.03.2018|приход|пакеты перчатки|свечи хоз 14часов|18|12,00
20.03.2018|приход|пакеты перчатки|свечи хоз 16часов|20|13,00
20.03.2018|приход|пакеты перчатки|свечи хоз 7часов|20|6,00
20.03.2018|приход|пакеты перчатки|Сетка москитка белая|73|13,00
20.03.2018|приход|пакеты перчатки|Сетка москитка зеленая|85|20,00
20.03.2018|приход|пакеты перчатки|скребок акция|9|7,50
20.03.2018|приход|пакеты перчатки|скребок Блеск |1|8,00
20.03.2018|приход|пакеты перчатки|скребок кух|2|11,50
20.03.2018|приход|пакеты перчатки|скребок кух 5шт|1|11,50
20.03.2018|приход|пакеты перчатки|скребок мелочи жизни|7|10,35
20.03.2018|приход|пакеты перчатки|скребок метал блеск |2|8,00
20.03.2018|приход|пакеты перчатки|скребок метал Prodom |6|5,50
20.03.2018|приход|пакеты перчатки|скребок металева 3-я блеск |5|13,00
20.03.2018|приход|пакеты перчатки|скребок Novux |1|7,00
20.03.2018|приход|пакеты перчатки|скребок Tiret |7|2,50
20.03.2018|приход|пакеты перчатки|спички|17|4,50
20.03.2018|приход|пакеты перчатки|спички|5|0,45
20.03.2018|приход|пакеты перчатки|стельки|7|15,00
20.03.2018|приход|пакеты перчатки|стельки|50|6,00
20.03.2018|приход|пакеты перчатки|стельки войлок|44|12,00
20.03.2018|приход|пакеты перчатки|т/б  Рута|4|9,00
20.03.2018|приход|пакеты перчатки|т/б  Рута 4в1|4|33,75
20.03.2018|приход|пакеты перчатки|т/б  Чемпион|2|9,00
20.03.2018|приход|пакеты перчатки|т/б 100%paper|1|19,50
20.03.2018|приход|пакеты перчатки|т/б Кохавинка|10|4,50
20.03.2018|приход|пакеты перчатки|т/б Мега|9|8,00
20.03.2018|приход|пакеты перчатки|т/б Обухов|1|5,25
20.03.2018|приход|пакеты перчатки|т/б Харьков|18|3,50
20.03.2018|приход|пакеты перчатки|т/б Чемпион|11|5,50
20.03.2018|приход|пакеты перчатки|фольга 10 м Appetito |1|12,00
20.03.2018|приход|пакеты перчатки|фольга 10м +рукав мелочи жизни |1|34,00
20.03.2018|приход|пакеты перчатки|фольга 10м мойдодир |1|23,00
20.03.2018|приход|пакеты перчатки|фольга 10м ЧесноЧек|1|17,00
20.03.2018|приход|пакеты перчатки|фольга 10м Stella |1|7,00
20.03.2018|приход|пакеты перчатки|фольга 20 м Matador |1|25,00
20.03.2018|приход|пакеты перчатки|фольга 20м Stella |1|13,00
20.03.2018|приход|пакеты перчатки|фольга 5м +рукав мелочи жизни |4|21,00
20.03.2018|приход|пакеты перчатки|фольга 5м мойдодир |1|13,00
20.03.2018|приход|пакеты перчатки|фольга пищевая 10м|1|20,00
20.03.2018|приход|пакеты перчатки|фольга пищевая 10м  Stella|1|7,00
20.03.2018|приход|пакеты перчатки|фольга пищевая 10м акция|1|17,50
20.03.2018|приход|пакеты перчатки|фольга пищевая 10м матадор|1|17,00
20.03.2018|приход|пакеты перчатки|фольга пищевая 10м мелочи жизни|2|36,00
20.03.2018|приход|пакеты перчатки|фольга пищевая 10м мойдодыр|1|23,00
20.03.2018|приход|пакеты перчатки|фольга пищевая 20м мелочи жизни|1|62,00
20.03.2018|приход|пакеты перчатки|фольга пищевая 20м Stella|1|13,00
20.03.2018|приход|пакеты перчатки|фольга пищевая 5м мелочи жизни|2|21,00
20.03.2018|приход|пакеты перчатки|фольга пищевая 5м мойдодыр|1|13,00
20.03.2018|приход|пакеты перчатки|щетка для одежды|1|30,00
20.03.2018|приход|пакеты перчатки|щетка для одежды|2|28,00
20.03.2018|приход|пакеты перчатки|щетка для одежды|1|5,00
20.03.2018|приход|пакеты перчатки|щетка одежная м|4|6,00
20.03.2018|приход|пакеты перчатки|щетка утюжек |1|17,00
20.03.2018|приход|пакеты перчатки|щетка утюжек больш|6|26,00
20.03.2018|приход|канцтовары|карандаш простой|2|2,5
20.03.2018|приход|канцтовары|карандаш простой|12|3
20.03.2018|приход|канцтовары|карандаш цв упаковка|1|18
20.03.2018|приход|канцтовары|кисточка для рисования|2|7
20.03.2018|приход|канцтовары|кисточка для рисования|8|4,75
20.03.2018|приход|канцтовары|маркер б|16|7
20.03.2018|приход|канцтовары|маркер м|15|7,5
20.03.2018|приход|канцтовары|маркер цвет|1|20
20.03.2018|приход|канцтовары|обложка паспорта|3|29
20.03.2018|приход|канцтовары|ручка шариковая синяя|10|3,5
20.03.2018|приход|канцтовары|ручка шариковая синяя|19|2,5
20.03.2018|приход|канцтовары|скотч канцелярский|1|4
20.03.2018|приход|галантерея|антистатик Лира|1|32,00
20.03.2018|приход|галантерея|бальзам д/бритья  Nivea|1|120,00
20.03.2018|приход|галантерея|бальзам для губ Биокон |1|18,00
20.03.2018|приход|галантерея|бальзам п/бритья Агресия|1|56,00
20.03.2018|приход|галантерея|Бальзам Сильвия 10|1|3,50
20.03.2018|приход|галантерея|Бальзам Dove   200|2|53,75
20.03.2018|приход|галантерея|Бальзам Elseve 200|1|49,25
20.03.2018|приход|галантерея|Бальзам Gliss kur 200|1|52,65
20.03.2018|приход|галантерея|Бальзам Slavia   250|2|43,00
20.03.2018|приход|галантерея|бальзам Slavia 200|2|24,50
20.03.2018|приход|галантерея|бальзам Slavia 400|1|35,00
20.03.2018|приход|галантерея|гель д/бритья Арко|1|77,50
20.03.2018|приход|галантерея|гель д/бритья Menzon|1|67,15
20.03.2018|приход|галантерея|гель д/бритья Nivea|1|96,00
20.03.2018|приход|галантерея|гель д/душа Заец Егорка 250|1|28,00
20.03.2018|приход|галантерея|гель д/душа Лапуся 300|2|14,50
20.03.2018|приход|галантерея|гель д/душа Пуся 1л|4|27,00
20.03.2018|приход|галантерея|гель д/душа Agres мужс 250|1|22,00
20.03.2018|приход|галантерея|гель д/душа Aromal 400|1|36,00
20.03.2018|приход|галантерея|гель д/душа Dove 250|3|50,75
20.03.2018|приход|галантерея|гель д/душа Duru 250|1|29,00
20.03.2018|приход|галантерея|гель д/душа Else 430|1|32,00
20.03.2018|приход|галантерея|гель д/душа FA 250|2|37,00
20.03.2018|приход|галантерея|гель д/душа Fresh Juice 170|1|11,00
20.03.2018|приход|галантерея|гель д/душа Nivea 250|1|42,55
20.03.2018|приход|галантерея|гель д/душа Nivea men 250|1|56,60
20.03.2018|приход|галантерея|гель д/душа Palmolive 250|2|53,75
20.03.2018|приход|галантерея|гель д/душа Palmolive 250|1|40,50
20.03.2018|приход|галантерея|дезодорант спрей Дионика|2|45,00
20.03.2018|приход|галантерея|дезодорант спрей жен Nivea|1|43,00
20.03.2018|приход|галантерея|дезодорант спрей жен Rexona|2|40,50
20.03.2018|приход|галантерея|дезодорант спрей муж Rexona|2|47,50
20.03.2018|приход|галантерея|дезодорант спрей муж Rexona|1|30,00
20.03.2018|приход|галантерея|дезодорант сухой жен Леди спистик|4|46,25
20.03.2018|приход|галантерея|дезодорант сухой жен Rexona|1|48,50
20.03.2018|приход|галантерея|дезодорант сухой муж Rexona|1|56,00
20.03.2018|приход|галантерея|дезодорант шарик жен Aroma|1|49,25
20.03.2018|приход|галантерея|Духи пробник|4|11,00
20.03.2018|приход|галантерея|духи Lomani|1|350,00
20.03.2018|приход|галантерея|Жидкость д/снятия лака Ноготок|5|18,00
20.03.2018|приход|галантерея|Жидкость д/снятия лака Ноготок 100|1|16,00
20.03.2018|приход|галантерея|Жидкость д/снятия лака Ноготок 50|6|12,00
20.03.2018|приход|галантерея|з/паста Астера|1|26,00
20.03.2018|приход|галантерея|з/паста Астера 100мл|2|26,00
20.03.2018|приход|галантерея|з/паста Колгейт 100мл|11|32,00
20.03.2018|приход|галантерея|з/паста колгейт 50мл|5|19,15
20.03.2018|приход|галантерея|з/паста колгейт 50мл тотал|2|36,15
20.03.2018|приход|галантерея|з/паста Лесной бальзам 100|2|20,65
20.03.2018|приход|галантерея|з/паста Лесной бальзам 100|4|22,75
20.03.2018|приход|галантерея|З/паста Новый жемчуг|1|24,75
20.03.2018|приход|галантерея|з/паста Новый жемчуг 100|1|22,40
20.03.2018|приход|галантерея|з/паста Новый жемчуг 50|1|10,85
20.03.2018|приход|галантерея|з/паста Санино 50|1|13,50
20.03.2018|приход|галантерея|з/паста Санино 50|3|13,50
20.03.2018|приход|галантерея|з/паста Санино 50 детс|1|21,00
20.03.2018|приход|галантерея|з/паста Санино 50 детс|1|21,00
20.03.2018|приход|галантерея|З/паста Фтородент 100|1|28,00
20.03.2018|приход|галантерея|з/паста Colgate  100 |1|32,00
20.03.2018|приход|галантерея|з/паста Colgate  100 total|1|54,75
20.03.2018|приход|галантерея|з/паста Colgate  50 |1|19,15
20.03.2018|приход|галантерея|з/паста Colgate  50 детс|1|35,00
20.03.2018|приход|галантерея|з/паста Colgate  50 total|1|32,15
20.03.2018|приход|галантерея|З/паста Colgate детская|1|25,00
20.03.2018|приход|галантерея|з/паста Silver Dent 100мл|1|26,65
20.03.2018|приход|галантерея|з/паста Siver 100|1|26,65
20.03.2018|приход|галантерея|з/паста Smier 100мл|1|28,00
20.03.2018|приход|галантерея|З/паста Smila|1|28,00
20.03.2018|приход|галантерея|з/щетка дешевая|1|6,00
20.03.2018|приход|галантерея|з/щетка Colgate |2|25,00
20.03.2018|приход|галантерея|з/щетка Colgate |1|15,00
20.03.2018|приход|галантерея|З/щетка Colgate |2|15,00
20.03.2018|приход|галантерея|з/щетка Colgate 1+1|2|25,00
20.03.2018|приход|галантерея|З/щетка Dr Fresh|3|6,00
20.03.2018|приход|галантерея|зубочистки|5|5,00
20.03.2018|приход|галантерея|зубочистки мелочи жизни|1|25,00
20.03.2018|приход|галантерея|зубочистки мж|1|30,00
20.03.2018|приход|галантерея|краска для бровей|2|9,00
20.03.2018|приход|галантерея|краска для Славия|10|24,30
20.03.2018|приход|галантерея|крем д/бритья Арко|1|19,00
20.03.2018|приход|галантерея|крем д/лица дешовый|1|9,00
20.03.2018|приход|галантерея|крем д/лица Сила лошади зимн уход|1|32,00
20.03.2018|приход|галантерея|крем д/лица Ninea|2|41,50
20.03.2018|приход|галантерея|крем д/лица Spat|3|22,00
20.03.2018|приход|галантерея|крем д/ног антигрибковый|2|25,00
20.03.2018|приход|галантерея|крем д/ног огруб кожи|1|32,00
20.03.2018|приход|галантерея|крем д/ног отеки Деж патека|1|32,00
20.03.2018|приход|галантерея|крем д/ног Сила Лошади|1|25,00
20.03.2018|приход|галантерея|крем д/р дешовый|8|9,00
20.03.2018|приход|галантерея|крем д/рук Анталь|1|26,50
20.03.2018|приход|галантерея|крем д/рук Барх ручки|1|21,75
20.03.2018|приход|галантерея|крем д/рук Бархатные ручки|3|21,75
20.03.2018|приход|галантерея|крем д/рук Биокон|2|30,00
20.03.2018|приход|галантерея|крем д/рук детский|1|9,00
20.03.2018|приход|галантерея|крем д/рук дешевый|7|9,00
20.03.2018|приход|галантерея|крем д/рук Доктор 100|1|15,00
20.03.2018|приход|галантерея|крем д/рук Доктор 160|1|33,50
20.03.2018|приход|галантерея|крем д/рук зимний уход |1|30,50
20.03.2018|приход|галантерея|крем д/рук силиконовый|2|10,00
20.03.2018|приход|галантерея|крем д/рук Чистая линия|1|23,00
20.03.2018|приход|галантерея|крем д/рук Чистая линия|2|17,85
20.03.2018|приход|галантерея|крем д/рук Kamil|1|47,55
20.03.2018|приход|галантерея|крем д/рук Spat|1|18,50
20.03.2018|приход|галантерея|крем д/стоп|1|30,00
20.03.2018|приход|галантерея|крем детс Веселка|1|13,00
20.03.2018|приход|галантерея|крем детский Снеговик|1|13,00
20.03.2018|приход|галантерея|крем для вен Сила лошади|1|34,00
20.03.2018|приход|галантерея|крем для сосудов Дежур аптека|1|32,00
20.03.2018|приход|галантерея|крем п/бритья Арко|3|22,50
20.03.2018|приход|галантерея|Крем суставы Деж аптека|1|35,00
20.03.2018|приход|галантерея|Лак д/волос Domo style 300|1|50,00
20.03.2018|приход|галантерея|Лак д/волос Taft 250|1|65,00
20.03.2018|приход|галантерея|Лак д/волосПрелесть 200|1|36,15
20.03.2018|приход|галантерея|лезвия 12мм набор|1|10,00
20.03.2018|приход|галантерея|лезвия 18мм набор |1|15,00
20.03.2018|приход|галантерея|лезвия рапира|33|10,00
20.03.2018|приход|галантерея|лезвия Спутник|15|13,00
20.03.2018|приход|галантерея|лезвия трапеция набор |1|12,00
20.03.2018|приход|галантерея|лезвия BIG|15|13,00
20.03.2018|приход|галантерея|лезвия Gillete|18|20,00
20.03.2018|приход|галантерея|лосьон для рук бактериц 50|1|20,50
20.03.2018|приход|галантерея|Лосьон Огуречный |1|13,00
20.03.2018|приход|галантерея|мыло  дуру|2|11,25
20.03.2018|приход|галантерея|мыло  дуру|1|10,00
20.03.2018|приход|галантерея|мыло  Камей|4|13,00
20.03.2018|приход|галантерея|мыло  Рецепты природы|1|4,75
20.03.2018|приход|галантерея|мыло  Седьмое небо|4|5,50
20.03.2018|приход|галантерея|мыло  Шик|9|4,75
20.03.2018|приход|галантерея|Мыло авто сила 200|2|25,00
20.03.2018|приход|галантерея|Мыло авто сила 500г|1|32,00
20.03.2018|приход|галантерея|мыло Дегтярное|2|10,00
20.03.2018|приход|галантерея|мыло Диво|2|4,65
20.03.2018|приход|галантерея|мыло Диво планшет 3|1|21,00
20.03.2018|приход|галантерея|мыло Диво э/п|3|23,00
20.03.2018|приход|галантерея|мыло диво э/п|1|17,00
20.03.2018|приход|галантерея|мыло жидкое  дозатор Нарру 0,5|2|21,00
20.03.2018|приход|галантерея|мыло жидкое лапуля 300|1|22,00
20.03.2018|приход|галантерея|мыло жидкое Ода 300|1|19,00
20.03.2018|приход|галантерея|мыло жидкое Ути-пути 300|2|21,00
20.03.2018|приход|галантерея|мыло жидкое Флорика 500|2|24,00
20.03.2018|приход|галантерея|мыло жидкое Attis 330|1|19,30
20.03.2018|приход|галантерея|мыло Камей э/п|2|40,15
20.03.2018|приход|галантерея|мыло Кроха |4|7,00
20.03.2018|приход|галантерея|мыло Лика|5|4,65
20.03.2018|приход|галантерея|мыло Ода планшет 3 дет|1|27,75
20.03.2018|приход|галантерея|Мыло Палмолив|15|16,75
20.03.2018|приход|галантерея|Мыло палмолив э/п|3|53,05
20.03.2018|приход|галантерея|мыло Памолив|1|19,75
20.03.2018|приход|галантерея|мыло планшет Шик|11|23,50
20.03.2018|приход|галантерея|Мыло соковита груша 460|1|21,00
20.03.2018|приход|галантерея|мыло ТЕО|2|12,25
20.03.2018|приход|галантерея|мыло ТЕО|1|10,25
20.03.2018|приход|галантерея|мыло Тет-а-тет|2|10,60
20.03.2018|приход|галантерея|мыло Ути-пути|5|6,75
20.03.2018|приход|галантерея|мыло Ути-пути пленка|1|5,00
20.03.2018|приход|галантерея|мыло Хвойное|2|13,00
20.03.2018|приход|галантерея|мыло хоз 72% б|10|12,00
20.03.2018|приход|галантерея|мыло хоз 72% м|4|6,50
20.03.2018|приход|галантерея|мыло хоз 72% с|15|9,00
20.03.2018|приход|галантерея|мыло хоз Ваниш|6|28,75
20.03.2018|приход|галантерея|мыло хоз Друг|8|8,50
20.03.2018|приход|галантерея|мыло хоз Дуру|4|9,00
20.03.2018|приход|галантерея|мыло хоз Маэстро|4|10,00
20.03.2018|приход|галантерея|мыло Чистая линия|4|15,60
20.03.2018|приход|галантерея|мыло Шик банное|5|13,00
20.03.2018|приход|галантерея|мыло Шик детс 40|6|4,75
20.03.2018|приход|галантерея|мыло Шик детс 70|5|7,00
20.03.2018|приход|галантерея|мыло Шик коробка|3|12,00
20.03.2018|приход|галантерея|Мыло Шик э/п|6|23,15
20.03.2018|приход|галантерея|Мыло Шик э/п детс|1|24,00
20.03.2018|приход|галантерея|мыло Bovary|4|4,75
20.03.2018|приход|галантерея|Мыло Dolce vero 500|1|26,00
20.03.2018|приход|галантерея|Мыло Dove б|11|25,00
20.03.2018|приход|галантерея|Мыло Dove м|14|17,75
20.03.2018|приход|галантерея|мыло FAX|2|4,25
20.03.2018|приход|галантерея|Мыло FAX планшет 3|1|26,50
20.03.2018|приход|галантерея|мыло Sila f|3|4,00
20.03.2018|приход|галантерея|Одеколон Алеша|1|16,00
20.03.2018|приход|галантерея|Одеколон Гвоздика|1|16,00
20.03.2018|приход|галантерея|Одеколон Мужской |1|95,00
20.03.2018|приход|галантерея|Одеколон Фиалка|1|16,00
20.03.2018|приход|галантерея|пена д/бритья  Nivea|1|67,00
20.03.2018|приход|галантерея|помада гигиен Биокон|1|19,00
20.03.2018|приход|галантерея|Станок Arko men|3|18,00
20.03.2018|приход|галантерея|хоз мыло Марио 700|2|20,00
20.03.2018|приход|галантерея|хоз мыло Сама 750|1|22,00
20.03.2018|приход|галантерея|Хоз мыло Чистый дом 1|1|21,00
20.03.2018|приход|галантерея|хоз мыло Чистый дом 500|1|15,00
20.03.2018|приход|галантерея|шампунь  Кря-кря  детск|1|12,50
20.03.2018|приход|галантерея|шампунь  Ласковая мама 315|1|14,00
20.03.2018|приход|галантерея|шампунь  Наша сім я 1л|3|25,00
20.03.2018|приход|галантерея|шампунь  сто рецептов 380|2|35,50
20.03.2018|приход|галантерея|шампунь  Сlear  men 200|1|48,15
20.03.2018|приход|галантерея|шампунь  Сlear  men 250|1|57,25
20.03.2018|приход|галантерея|шампунь  Сlear  men 400|1|88,25
20.03.2018|приход|галантерея|шампунь  Сlear 250|1|52,00
20.03.2018|приход|галантерея|шампунь  Сlear 400|1|72,75
20.03.2018|приход|галантерея|шампунь  травяной 1л|5|22,50
20.03.2018|приход|галантерея|шампунь  Фито бум 1л|1|20,00
20.03.2018|приход|галантерея|шампунь  фитошампунь 1л|12|22,50
20.03.2018|приход|галантерея|шампунь  хит for men 10|1|3,00
20.03.2018|приход|галантерея|шампунь  чистая линия 250|3|26,00
20.03.2018|приход|галантерея|шампунь  чистая линия 400|3|42,00
20.03.2018|приход|галантерея|шампунь  Я хазяйка 1л|1|20,00
20.03.2018|приход|галантерея|шампунь  Aroma 400|5|39,00
20.03.2018|приход|галантерея|шампунь  Dove 250|2|53,75
20.03.2018|приход|галантерея|шампунь  Duru 400|1|35,00
20.03.2018|приход|галантерея|шампунь  Else 400|3|38,00
20.03.2018|приход|галантерея|шампунь  Elseve 250|2|49,25
20.03.2018|приход|галантерея|шампунь  Elseve 400|2|76,25
20.03.2018|приход|галантерея|шампунь  Fax 400|1|27,00
20.03.2018|приход|галантерея|шампунь  Fax 750|1|38,00
20.03.2018|приход|галантерея|шампунь  Head @Shoulders 400|1|87,95
20.03.2018|приход|галантерея|шампунь  Nivea 250|1|56,00
20.03.2018|приход|галантерея|шампунь  Nivea 250|2|50,50
20.03.2018|приход|галантерея|шампунь  Nivea 400|1|78,50
20.03.2018|приход|галантерея|шампунь  Nivea 400|1|62,65
20.03.2018|приход|галантерея|шампунь  Oleo 300|1|16,50
20.03.2018|приход|галантерея|шампунь  Pantene 200|1|39,25
20.03.2018|приход|галантерея|шампунь  Pantene 400|1|63,50
20.03.2018|приход|галантерея|шампунь  Shamtu 200|2|34,00
20.03.2018|приход|галантерея|шампунь  Shamtu 360|4|47,00
20.03.2018|приход|галантерея|шампунь  Shauma 250|2|34,00
20.03.2018|приход|галантерея|шампунь  Shauma men 250|1|40,75
20.03.2018|приход|галантерея|шампунь  Shauma men 400|1|65,00
20.03.2018|приход|галантерея|шампунь  Timotei 400|2|47,65
20.03.2018|приход|галантерея|шампунь  Timotei 400 men|1|43,75
20.03.2018|приход|галантерея|шампунь  Vitam 400|1|38,00
20.03.2018|приход|галантерея|шампунь однораз Slava|2|3,50
20.03.2018|приход|галантерея|Cтанок Arko men|1|8,50
20.03.2018|приход|галантерея|Cтанок astor|2|8,50
20.03.2018|приход|галантерея|Cтанок Bic pure 3 lady|4|16,00
20.03.2018|приход|галантерея|Cтанок bic sensitive |9|5,00
20.03.2018|приход|галантерея|Cтанок big action|3|15,00
20.03.2018|приход|галантерея|Cтанок Gillete 2|17|7,00
20.03.2018|приход|галантерея|Cтанок Gillete blue 3 sensecare|12|27,00
20.03.2018|приход|галантерея|Cтанок Gillete blue II for women|12|9,65
20.03.2018|приход|галантерея|Cтанок Lezo|28|5,00
20.03.2018|приход|галантерея|CтанокGillete simply venus |10|13,50
