20.03.2018|приход|пакеты перчатки|ватные диски Свежанка 120 шт|2|19,00|0,00
20.03.2018|приход|пакеты перчатки|ватные диски Свежанка 150 шт|1|21,00|0,00
20.03.2018|приход|пакеты перчатки|ватные диски Флорика 120шт|3|21,00|0,00
20.03.2018|приход|пакеты перчатки|ватные палочки|2|9,00|0,00
20.03.2018|приход|пакеты перчатки|ватные палочки «Аура»|1|17,00|0,00
20.03.2018|приход|пакеты перчатки|ватные палочки «Дрим»|4|16,00|0,00
20.03.2018|приход|пакеты перчатки|ватные палочки 100|2|12,00|0,00
20.03.2018|приход|пакеты перчатки|ватные палочки 200|1|19,00|0,00
20.03.2018|приход|пакеты перчатки|ватные палочки 200|1|18,50|0,00
20.03.2018|приход|пакеты перчатки|ватные палочки 400|2|33,00|0,00
20.03.2018|приход|пакеты перчатки|ватные палочки 50|2|9,00|0,00
20.03.2018|приход|пакеты перчатки|газ для зажигалки|1|22,00|0,00
20.03.2018|приход|пакеты перчатки|губка антибакт мелочи жизни|12|3,25|0,00
20.03.2018|приход|пакеты перчатки|губка банная Афродита|1|26,00|0,00
20.03.2018|приход|пакеты перчатки|губка банная Лагуна|2|25,00|0,00
20.03.2018|приход|пакеты перчатки|губка банная Муза|2|24,00|0,00
20.03.2018|приход|пакеты перчатки|губка банная спорт|1|23,00|0,00
20.03.2018|приход|пакеты перчатки|губка банная Fitness|1|26,00|0,00
20.03.2018|приход|пакеты перчатки|губка банная Malva|1|13,00|0,00
20.03.2018|приход|пакеты перчатки|губка банная Matale|1|13,00|0,00
20.03.2018|приход|пакеты перчатки|губка банная Nar|1|17,00|0,00
20.03.2018|приход|пакеты перчатки|губка д/о “Дивидик” оптима|4|15,00|0,00
20.03.2018|приход|пакеты перчатки|губка д/о «Сильвер»|3|14,00|0,00
20.03.2018|приход|пакеты перчатки|губка д/о блеск Дивидик|18|13|0,00
20.03.2018|приход|пакеты перчатки|губка кух Мойдодыр деликат |4|3,25|0,00
20.03.2018|приход|пакеты перчатки|губка кухон акция|10|2,25|0,00
20.03.2018|приход|пакеты перчатки|губка кухон акция|35|2,00|0,00
20.03.2018|приход|пакеты перчатки|губка кухон антибактериальная|21|3,25|0,00
20.03.2018|приход|пакеты перчатки|губка кухон Доми|20|5,50|0,00
20.03.2018|приход|пакеты перчатки|губка кухон мелочи жизни Б|52|2,75|0,00
20.03.2018|приход|пакеты перчатки|губка кухонная макси |2|2,00|0,00
20.03.2018|приход|пакеты перчатки|губка кухонные мелочи жизни |4|2,75|0,00
20.03.2018|приход|пакеты перчатки|губка кухонные мелочи жизни |6|1,75|0,00
20.03.2018|приход|пакеты перчатки|Губка мелочи жизни|24|1,50|0,00
20.03.2018|приход|пакеты перчатки|Губка мелочи жизни |1|24,00|0,00
20.03.2018|приход|пакеты перчатки|губка мойдодир хвиля |1|2,10|0,00
20.03.2018|приход|пакеты перчатки|губка универсальн Мелочи жизни 3шт|6|20,00|0,00
20.03.2018|приход|пакеты перчатки|губка универсальн Мелочи жизни 3шт акция|3|12,00|0,00
20.03.2018|приход|пакеты перчатки|губка универсальн Мелочи жизни 5шт |2|34,00|0,00
20.03.2018|приход|пакеты перчатки|Губка Vortex для стекл посуды|1|9,50|0,00
20.03.2018|приход|пакеты перчатки|Губка Vortex для тефлона|1|10,50|0,00
20.03.2018|приход|пакеты перчатки|губки д/о Gold care|1|12,00|0,00
20.03.2018|приход|пакеты перчатки|губки д/о Silver|1|14,00|0,00
20.03.2018|приход|пакеты перчатки|ерш для посуды|1|2,50|0,00
20.03.2018|приход|пакеты перчатки|ершик|1|7,50|0,00
20.03.2018|приход|пакеты перчатки|ершик кух тройной|7|9,00|0,00
20.03.2018|приход|пакеты перчатки|клеенка желтая|1,5|27,00|0,00
20.03.2018|приход|пакеты перчатки|клеенка кух |35,45|40,00|0,00
20.03.2018|приход|пакеты перчатки|клеенка кух рогожка|30|40,00|0,00
20.03.2018|приход|пакеты перчатки|клеенка кух силик |24|40,00|0,00
20.03.2018|приход|пакеты перчатки|клеенка кух толст|5,2|75,00|0,00
20.03.2018|приход|пакеты перчатки|клеенка кух тонк|4,5|10,00|0,00
20.03.2018|приход|пакеты перчатки|клеенка на стол б на основе|4|30|0,00
20.03.2018|приход|пакеты перчатки|клеенка на стол б обычн|8|20|0,00
20.03.2018|приход|пакеты перчатки|клеенка на стол м по шт|4|12|0,00
20.03.2018|приход|пакеты перчатки|клеенка прозрачн тонкая|41,3|10,00|0,00
20.03.2018|приход|пакеты перчатки|клеенка прозрачная|6,35|15,00|0,00
20.03.2018|приход|пакеты перчатки|клеенка черная|17,5|12,50|0,00
20.03.2018|приход|пакеты перчатки|крем д/кожи дивидик|1|26|0,00
20.03.2018|приход|пакеты перчатки|крем д/о Дивидик|10|14,5|0,00
20.03.2018|приход|пакеты перчатки|крем д/о Сова черн |6|11,50|0,00
20.03.2018|приход|пакеты перчатки|крем д/о Cavmen|1|13|0,00
20.03.2018|приход|пакеты перчатки|крем д/о Silver|1|24,00|0,00
20.03.2018|приход|пакеты перчатки|крем д/о Silver|1|18,50|0,00
20.03.2018|приход|пакеты перчатки|крем д/о Sitil|3|11,5|0,00
20.03.2018|приход|пакеты перчатки|крем Дивидик антипроп  250|1|55,50|0,00
20.03.2018|приход|пакеты перчатки|крем Дивидик бесцв|1|12,50|0,00
20.03.2018|приход|пакеты перчатки|крем Дивидик оптима|4|15,00|0,00
20.03.2018|приход|пакеты перчатки|крем Дивидик тубус|1|12,00|0,00
20.03.2018|приход|пакеты перчатки|крем Дивидик черный 75|1|26,00|0,00
20.03.2018|приход|пакеты перчатки|крем-краска Дивидик для замши|1|50,00|0,00
20.03.2018|приход|пакеты перчатки|крем-краска Дивидик для кожи|1|50,00|0,00
20.03.2018|приход|пакеты перчатки|Крем-краска Salamander востанавл|2|90,00|0,00
20.03.2018|приход|пакеты перчатки|крышка горячая|89|2,00|0,00
20.03.2018|приход|пакеты перчатки|крышка для вина|10|8,00|0,00
20.03.2018|приход|пакеты перчатки|крышка для вина|4|5,00|0,00
20.03.2018|приход|пакеты перчатки|крышка евро б|20|2,25|0,00
20.03.2018|приход|пакеты перчатки|крышка евро м|40|2,25|0,00
20.03.2018|приход|пакеты перчатки|крышка закаточ Господарочка|450|1,00|0,00
20.03.2018|приход|пакеты перчатки|крышка закаточ Измаил|480|1,00|0,00
20.03.2018|приход|пакеты перчатки|крышка закаточ Первомайск|150|1,00|0,00
20.03.2018|приход|пакеты перчатки|крышка на сковородку 22 см|1|63,00|0,00
20.03.2018|приход|пакеты перчатки|крышка на сковородку 28 см|2|100,00|0,00
20.03.2018|приход|пакеты перчатки|крышка пласм|2|0,65|0,00
20.03.2018|приход|пакеты перчатки|крышка пласм цветные|79|0,65|0,00
20.03.2018|приход|пакеты перчатки|крышка слив|20|2,50|0,00
20.03.2018|приход|пакеты перчатки|ледоходы|2|46,00|0,00
20.03.2018|приход|пакеты перчатки|липкий ролик д/одежды|1|35,00|0,00
20.03.2018|приход|пакеты перчатки|ложка д/о пласм|3|14,00|0,00
20.03.2018|приход|пакеты перчатки|ложка д/о пласм длин|1|17,00|0,00
20.03.2018|приход|пакеты перчатки|ложка д/о м|5|15,00|0,00
20.03.2018|приход|пакеты перчатки|ложка д/о мет дл|4|30,00|0,00
20.03.2018|приход|пакеты перчатки|ложка д/о мет м|2|10,00|0,00
20.03.2018|приход|пакеты перчатки|ложка д/о ср|5|20,00|0,00
20.03.2018|приход|пакеты перчатки|мешок|184|6,00|0,00
20.03.2018|приход|пакеты перчатки|мешок овощн 20 кг|37|3,00|0,00
20.03.2018|приход|пакеты перчатки|мешок овощн 30 кг|32|4,50|0,00
20.03.2018|приход|пакеты перчатки|мешок под засолку|15|10,00|0,00
20.03.2018|приход|пакеты перчатки|мешок под цемент|6|7,00|0,00
20.03.2018|приход|пакеты перчатки|мыльница|1|7,50|0,00
20.03.2018|приход|пакеты перчатки|пакет Босс с прорез ручками|26|2,50|0,00
20.03.2018|приход|пакеты перчатки|пакет майка|3|1,00|0,00
20.03.2018|приход|пакеты перчатки|пакет майка|30|0,75|0,00
20.03.2018|приход|пакеты перчатки|пакет майка тонкая|11|1,50|0,00
20.03.2018|приход|пакеты перчатки|пакет майка черн|33|1,50|0,00
20.03.2018|приход|пакеты перчатки|пакет майка BMW|2|3,50|0,00
20.03.2018|приход|пакеты перчатки|пакет майка BMW б|1|5,00|0,00
20.03.2018|приход|пакеты перчатки|Пакет майка BWM|36|3,50|0,00
20.03.2018|приход|пакеты перчатки|пакет ручка Босс|2|3,50|0,00
20.03.2018|приход|пакеты перчатки|пакет ручка черный|11|3,00|0,00
20.03.2018|приход|пакеты перчатки|пакет с ручкой|2|3,50|0,00
20.03.2018|приход|пакеты перчатки|пакет с ручкой|2|3,00|0,00
20.03.2018|приход|пакеты перчатки|пакет с ручкой газета|8|7,00|0,00
20.03.2018|приход|пакеты перчатки|пакет с ручкой газета|1|7,00|0,00
20.03.2018|приход|пакеты перчатки|пакет с ручкой газета|7|3,00|0,00
20.03.2018|приход|пакеты перчатки|пакет фасовочн 36|1|12,00|0,00
20.03.2018|приход|пакеты перчатки|пакет фасовочн майка|50|0,60|0,00
20.03.2018|приход|пакеты перчатки|пакет фасовочн рулон|2|10,00|0,00
20.03.2018|приход|пакеты перчатки|пакет фасовочн ручка|31|3,50|0,00
20.03.2018|приход|пакеты перчатки|Пакет BWM майка больш|17|5,00|0,00
20.03.2018|приход|пакеты перчатки|пакеты  д/мусора 35л 30шт ЧесноЧек|1|13,00|0,00
20.03.2018|приход|пакеты перчатки|пакеты д/заморозки 10*15|97|0,45|0,00
20.03.2018|приход|пакеты перчатки|пакеты д/заморозки 12*18|100|0,55|0,00
20.03.2018|приход|пакеты перчатки|пакеты д/заморозки 15*20|100|0,85|0,00
20.03.2018|приход|пакеты перчатки|пакеты д/заморозки 200*250|32|0,85|0,00
20.03.2018|приход|пакеты перчатки|пакеты д/заморозки 8*12|100|0,30|0,00
20.03.2018|приход|пакеты перчатки|пакеты д/мусора  30шт акция|1|13,00|0,00
20.03.2018|приход|пакеты перчатки|пакеты д/мусора  35л|1|8,50|0,00
20.03.2018|приход|пакеты перчатки|пакеты д/мусора  35л 100 шт мелочи жизни|1|56,00|0,00
20.03.2018|приход|пакеты перчатки|пакеты д/мусора  60л 15шт Бонус|1|12,50|0,00
20.03.2018|приход|пакеты перчатки|пакеты д/мусора  60л традиции качества |2|13,50|0,00
20.03.2018|приход|пакеты перчатки|пакеты д/мусора 120л 10шт Акция |1|23,00|0,00
20.03.2018|приход|пакеты перчатки|пакеты д/мусора 120л 10шт Акция |1|23,00|0,00
20.03.2018|приход|пакеты перчатки|пакеты д/мусора 120л 10шт Novax|1|24,00|0,00
20.03.2018|приход|пакеты перчатки|пакеты д/мусора 120л 15 шт мелочи жизни |2|58,00|0,00
20.03.2018|приход|пакеты перчатки|пакеты д/мусора 120л 15шт мелочи жизни|1|58,00|0,00
20.03.2018|приход|пакеты перчатки|пакеты д/мусора 160л 10шт Бравый кок |1|33,00|0,00
20.03.2018|приход|пакеты перчатки|пакеты д/мусора 160л 10шт мелочи жизни|1|37,00|0,00
20.03.2018|приход|пакеты перчатки|пакеты д/мусора 160л 10шт мелочи жизни|1|33,00|0,00
20.03.2018|приход|пакеты перчатки|пакеты д/мусора 160л 10шт Novax|2|37,00|0,00
20.03.2018|приход|пакеты перчатки|пакеты д/мусора 240л 5шт мелочи жизни|1|35,00|0,00
20.03.2018|приход|пакеты перчатки|пакеты д/мусора 35л 100шт мелочи жизни |1|56,00|0,00
20.03.2018|приход|пакеты перчатки|пакеты д/мусора 35л 15шт мелочи жизни с затяжкой|1|43,00|0,00
20.03.2018|приход|пакеты перчатки|пакеты д/мусора 35л 20шт Акция |1|10,50|0,00
20.03.2018|приход|пакеты перчатки|пакеты д/мусора 35л 20шт Акция |1|10,50|0,00
20.03.2018|приход|пакеты перчатки|пакеты д/мусора 35л 20шт мелочи жизни|1|14,00|0,00
20.03.2018|приход|пакеты перчатки|пакеты д/мусора 35л 20шт мелочи жизни|4|14,00|0,00
20.03.2018|приход|пакеты перчатки|пакеты д/мусора 35л 30шт Акция |2|13,50|0,00
20.03.2018|приход|пакеты перчатки|пакеты д/мусора 35л 30шт мелочи жизни|1|13,00|0,00
20.03.2018|приход|пакеты перчатки|пакеты д/мусора 35л 30шт мелочи жизни |1|18,00|0,00
20.03.2018|приход|пакеты перчатки|пакеты д/мусора 35л 30шт мелочи жизни |13|18,00|0,00
20.03.2018|приход|пакеты перчатки|пакеты д/мусора 35л 30шт мелочи жизни с затяжкой|1|23,00|0,00
20.03.2018|приход|пакеты перчатки|пакеты д/мусора 35л 30шт Рута|1|16,00|0,00
20.03.2018|приход|пакеты перчатки|пакеты д/мусора 35л 30шт Эко|1|13,50|0,00
20.03.2018|приход|пакеты перчатки|пакеты д/мусора 35л 30шт Note|1|10,00|0,00
20.03.2018|приход|пакеты перчатки|пакеты д/мусора 35л 50шт мелочи жизни |1|28,00|0,00
20.03.2018|приход|пакеты перчатки|пакеты д/мусора 35л 50шт мелочи жизни |3|28,00|0,00
20.03.2018|приход|пакеты перчатки|пакеты д/мусора 35л 50шт ЧесноЧек|1|21,00|0,00
20.03.2018|приход|пакеты перчатки|пакеты д/мусора 35л 50шт NEC|1|21,00|0,00
20.03.2018|приход|пакеты перчатки|пакеты д/мусора 35л традиции качества|12|8,00|0,00
20.03.2018|приход|пакеты перчатки|пакеты д/мусора 60л 10шт мелочи жизни|1|13,00|0,00
20.03.2018|приход|пакеты перчатки|пакеты д/мусора 60л 15шт акция|1|18,00|0,00
20.03.2018|приход|пакеты перчатки|пакеты д/мусора 60л 20шт мелочи жизни |2|26,00|0,00
20.03.2018|приход|пакеты перчатки|пакеты д/мусора 60л 30шт мелочи жизни|1|26,00|0,00
20.03.2018|приход|пакеты перчатки|пакеты набор 16*30|1|12,00|0,00
20.03.2018|приход|пакеты перчатки|пакеты набор 18*35|1|10,00|0,00
20.03.2018|приход|пакеты перчатки|пакеты набор 22*38|1|14,00|0,00
20.03.2018|приход|пакеты перчатки|пакеты набор №36|1|12,00|0,00
20.03.2018|приход|пакеты перчатки|пакеты с затяжк 35 л 15 шт Мелочи жизни |9|23,00|0,00
20.03.2018|приход|пакеты перчатки|пакеты с затяжк 35 л 30 шт Мелочи жизни|5|43,00|0,00
20.03.2018|приход|пакеты перчатки|пакеты фасов  9|2|77,00|0,00
20.03.2018|приход|пакеты перчатки|папір 5м Torba super |1|15,00|0,00
20.03.2018|приход|пакеты перчатки|пергамент|1|6,00|0,00
20.03.2018|приход|пакеты перчатки|Пергамент 6 м|1|10,00|0,00
20.03.2018|приход|пакеты перчатки|Пергамент 6 м|1|8,00|0,00
20.03.2018|приход|пакеты перчатки|пергамент 6м Matador |1|8,00|0,00
20.03.2018|приход|пакеты перчатки|пергамент длинн|1|10,00|0,00
20.03.2018|приход|пакеты перчатки|пергамент мелочи жизни|1|27,00|0,00
20.03.2018|приход|пакеты перчатки|перчатки  прор стр|1|4,50|0,00
20.03.2018|приход|пакеты перчатки|перчатки  прорез обр пена|32|21,00|0,00
20.03.2018|приход|пакеты перчатки|перчатки долони|1|40,00|0,00
20.03.2018|приход|пакеты перчатки|перчатки домашние|1|16,00|0,00
20.03.2018|приход|пакеты перчатки|перчатки краш желтые|2|110,00|0,00
20.03.2018|приход|пакеты перчатки|перчатки краш красн|3|115,00|0,00
20.03.2018|приход|пакеты перчатки|перчатки краш серые|4|58,00|0,00
20.03.2018|приход|пакеты перчатки|перчатки краш синие Польша|1|190,00|0,00
20.03.2018|приход|пакеты перчатки|перчатки краш черные|4|110,00|0,00
20.03.2018|приход|пакеты перчатки|перчатки латекс|22|3,00|0,00
20.03.2018|приход|пакеты перчатки|перчатки нитриловые|4|2,00|0,00
20.03.2018|приход|пакеты перчатки|перчатки прор капля|1|28,00|0,00
20.03.2018|приход|пакеты перчатки|перчатки прор сине желт|1|19,00|0,00
20.03.2018|приход|пакеты перчатки|перчатки прор стр желт|1|7,00|0,00
20.03.2018|приход|пакеты перчатки|перчатки прор стр красн|1|25,00|0,00
20.03.2018|приход|пакеты перчатки|перчатки прор стр серые|1|20,00|0,00
20.03.2018|приход|пакеты перчатки|перчатки прор черн|1|35,00|0,00
20.03.2018|приход|пакеты перчатки|перчатки прорез желт|25|23,00|0,00
20.03.2018|приход|пакеты перчатки|перчатки прорез красная ладонь|9|40,00|0,00
20.03.2018|приход|пакеты перчатки|перчатки прорез синие|12|35,00|0,00
20.03.2018|приход|пакеты перчатки|перчатки прорез синяя ладонь|11|40,00|0,00
20.03.2018|приход|пакеты перчатки|перчатки прорез стр синие|10|18,00|0,00
20.03.2018|приход|пакеты перчатки|перчатки прорез стрейч|48|7,00|0,00
20.03.2018|приход|пакеты перчатки|перчатки рез синие|46|13,00|0,00
20.03.2018|приход|пакеты перчатки|перчатки синие монтаж|1|35,00|0,00
20.03.2018|приход|пакеты перчатки|перчатки синие прорез|1|17,50|0,00
20.03.2018|приход|пакеты перчатки|перчатки стекл|1|17,50|0,00
20.03.2018|приход|пакеты перчатки|перчатки стрейч нитрил |2|10,00|0,00
20.03.2018|приход|пакеты перчатки|перчатки теплые желт|7|12,00|0,00
20.03.2018|приход|пакеты перчатки|перчатки тигр|1|30,00|0,00
20.03.2018|приход|пакеты перчатки|перчатки флис|3|35,00|0,00
20.03.2018|приход|пакеты перчатки|перчатки х/б |17|13,00|0,00
20.03.2018|приход|пакеты перчатки|перчатки х/б |4|12,00|0,00
20.03.2018|приход|пакеты перчатки|перчатки х/б  желт|12|15,00|0,00
20.03.2018|приход|пакеты перчатки|перчатки х/б бел|1|13,00|0,00
20.03.2018|приход|пакеты перчатки|перчатки х/б двойн бел|1|17,00|0,00
20.03.2018|приход|пакеты перчатки|перчатки х/б звезда|65|18,00|0,00
20.03.2018|приход|пакеты перчатки|перчатки х/б кирпич|8|18,00|0,00
20.03.2018|приход|пакеты перчатки|перчатки х/б син|1|14,00|0,00
20.03.2018|приход|пакеты перчатки|перчатки х/б черн|1|13,00|0,00
20.03.2018|приход|пакеты перчатки|перчатки х/б FAR|1|6,50|0,00
20.03.2018|приход|пакеты перчатки|перчатки хб |34|13,00|0,00
20.03.2018|приход|пакеты перчатки|перчатки хб |32|12,00|0,00
20.03.2018|приход|пакеты перчатки|перчатки хб двойные|13|20,00|0,00
20.03.2018|приход|пакеты перчатки|перчатки хб желтые|14|8,00|0,00
20.03.2018|приход|пакеты перчатки|перчатки хб PORA|10|10,00|0,00
20.03.2018|приход|пакеты перчатки|плащ дождевик дет|2|13,50|0,00
20.03.2018|приход|пакеты перчатки|плащ дождевик обычный|1|10,00|0,00
20.03.2018|приход|пакеты перчатки|плащ дождевик под кнопки|1|21,00|0,00
20.03.2018|приход|пакеты перчатки|плащ дождевик под пояс |1|19,00|0,00
20.03.2018|приход|пакеты перчатки|пленка для продукт 100м Matador|2|27,00|0,00
20.03.2018|приход|пакеты перчатки|пленка для продукт 300м Matador |1|62,00|0,00
20.03.2018|приход|пакеты перчатки|пленка пищевая  100м мелочи жизни|1|63,00|0,00
20.03.2018|приход|пакеты перчатки|пленка пищевая  200м мелочи жизни|1|47,00|0,00
20.03.2018|приход|пакеты перчатки|пленка пищевая  20м акция|2|10,00|0,00
20.03.2018|приход|пакеты перчатки|пленка пищевая  20м мелочи жизни|1|30,00|0,00
20.03.2018|приход|пакеты перчатки|пленка пищевая  20м мелочи жизни|2|17,00|0,00
20.03.2018|приход|пакеты перчатки|пленка пищевая  50м|1|8,00|0,00
20.03.2018|приход|пакеты перчатки|пленка пищевая  50м мелочи жизни|1|37,00|0,00
20.03.2018|приход|пакеты перчатки|пленка пищевая 20м Акция|2|10,00|0,00
20.03.2018|приход|пакеты перчатки|пленка пищевая Maestro |1|17,50|0,00
20.03.2018|приход|пакеты перчатки|пленка солнцезащ|19|10,00|0,00
20.03.2018|приход|пакеты перчатки|пленка солнцезащит|5|10,00|0,00
20.03.2018|приход|пакеты перчатки|полотенца папер|1|13,00|0,00
20.03.2018|приход|пакеты перчатки|полотенце |1|23,50|0,00
20.03.2018|приход|пакеты перчатки|полотенце  Рута|1|35,50|0,00
20.03.2018|приход|пакеты перчатки|полотенце Рута|3|33,50|0,00
20.03.2018|приход|пакеты перчатки|прокладки  Нормал|2|12,00|0,00
20.03.2018|приход|пакеты перчатки|прокладки натурелла|1|18,50|0,00
20.03.2018|приход|пакеты перчатки|Прокладки always|5|26,50|0,00
20.03.2018|приход|пакеты перчатки|Прокладки Flirt|2|38,25|0,00
20.03.2018|приход|пакеты перчатки|Прокладки Molped ежедн|1|55,00|0,00
20.03.2018|приход|пакеты перчатки|Прокладки Molped ultra normal|6|26,00|0,00
20.03.2018|приход|пакеты перчатки|Прокладки naturella |1|23,85|0,00
20.03.2018|приход|пакеты перчатки|Прокладки naturella ежедн|2|21,15|0,00
20.03.2018|приход|пакеты перчатки|Прокладки naturella normal|1|24,00|0,00
20.03.2018|приход|пакеты перчатки|Прокладки Normal  classic тамп|2|17,00|0,00
20.03.2018|приход|пакеты перчатки|Прокладки normal clinic|1|36,00|0,00
20.03.2018|приход|пакеты перчатки|Прокладки normal clinic|5|21,00|0,00
20.03.2018|приход|пакеты перчатки|Прокладки normal clinic ежед|5|17,50|0,00
20.03.2018|приход|пакеты перчатки|Прокладки Normal clinic classic|1|10,00|0,00
20.03.2018|приход|пакеты перчатки|рукав 3м Perfetto|1|6,00|0,00
20.03.2018|приход|пакеты перчатки|Рукав для запекания мелочи жизни 10м|1|42,15|0,00
20.03.2018|приход|пакеты перчатки|Рукав для запекания мелочи жизни 10м|1|42,15|0,00
20.03.2018|приход|пакеты перчатки|Рукав для запекания мелочи жизни 3м|5|18,50|0,00
20.03.2018|приход|пакеты перчатки|Рукав для запекания мелочи жизни 3м|1|18,50|0,00
20.03.2018|приход|пакеты перчатки|Рукав для запекания мелочи жизни 5м|2|28,00|0,00
20.03.2018|приход|пакеты перчатки|рукав для запекания Мойдодыр 2м|1|9,00|0,00
20.03.2018|приход|пакеты перчатки|рукав для запекания Happy 3м|1|15,00|0,00
20.03.2018|приход|пакеты перчатки|рукавица хб|1|17,00|0,00
20.03.2018|приход|пакеты перчатки|рукавица хб|2|15,00|0,00
20.03.2018|приход|пакеты перчатки|рукавицы детские|1|20,00|0,00
20.03.2018|приход|пакеты перчатки|Рукавицы краги черн|1|110,00|0,00
20.03.2018|приход|пакеты перчатки|рукавицы рабоч брезент|3|25,00|0,00
20.03.2018|приход|пакеты перчатки|рукавицы рабоч брезент|16|17,00|0,00
20.03.2018|приход|пакеты перчатки|рукавицы рабоч брезент тонкие|18|13,00|0,00
20.03.2018|приход|пакеты перчатки|рукавицы рабоч прорез желт|44|23,00|0,00
20.03.2018|приход|пакеты перчатки|рукавицы рабоч прорез желт с черн напыл|5|35,00|0,00
20.03.2018|приход|пакеты перчатки|рукавицы рабоч прорез красн|7|40,00|0,00
20.03.2018|приход|пакеты перчатки|рукавицы рабоч прорез красн|1|25,00|0,00
20.03.2018|приход|пакеты перчатки|рукавицы рабоч прорез нитрил|13|10,00|0,00
20.03.2018|приход|пакеты перчатки|рукавицы рабоч прорез синие|3|42,00|0,00
20.03.2018|приход|пакеты перчатки|рукавицы рабоч прорез синие|20|35,00|0,00
20.03.2018|приход|пакеты перчатки|рукавицы рабоч прорез стр желт|5|7,00|0,00
20.03.2018|приход|пакеты перчатки|рукавицы рабоч прорез стр серые|13|20,00|0,00
20.03.2018|приход|пакеты перчатки|рукавицы рабоч прорез стр синие|1|40,00|0,00
20.03.2018|приход|пакеты перчатки|рукавицы рабоч прорез стр тигр|12|30,00|0,00
20.03.2018|приход|пакеты перчатки|рукавицы рабоч прорез стрейч пена желт|12|28,00|0,00
20.03.2018|приход|пакеты перчатки|рукавицы рабоч резин|6|17,00|0,00
20.03.2018|приход|пакеты перчатки|рукавицы рабоч резин|11|16,00|0,00
20.03.2018|приход|пакеты перчатки|рукавицы рабоч резин Польша|7|25,00|0,00
20.03.2018|приход|пакеты перчатки|рукавицы рабоч хб|3|8,00|0,00
20.03.2018|приход|пакеты перчатки|салфетка влажн |1|3,50|0,00
20.03.2018|приход|пакеты перчатки|салфетка премьер|2|4,50|0,00
20.03.2018|приход|пакеты перчатки|салфетка Рута |1|15,75|0,00
20.03.2018|приход|пакеты перчатки|салфетка сухая|1|1,50|0,00
20.03.2018|приход|пакеты перчатки|салфеткаи влажные|1|3,00|0,00
20.03.2018|приход|пакеты перчатки|салфеткаи влажные|1|2,50|0,00
20.03.2018|приход|пакеты перчатки|салфетки 120шт FLORIKA|4|25,00|0,00
20.03.2018|приход|пакеты перчатки|Салфетки 5 шт мелочи жизни|1|34,00|0,00
20.03.2018|приход|пакеты перчатки|салфетки 90шт FLORIKA|1|21,00|0,00
20.03.2018|приход|пакеты перчатки|салфетки влаговпит 3 шт акция|1|18,00|0,00
20.03.2018|приход|пакеты перчатки|салфетки влаговпит 3 шт мелочи жизни|1|32,00|0,00
20.03.2018|приход|пакеты перчатки|салфетки влаговпит 5 шт акция|1|27,00|0,00
20.03.2018|приход|пакеты перчатки|салфетки влаговпит 5 шт мелочи жизни|2|42,00|0,00
20.03.2018|приход|пакеты перчатки|салфетки влаговпитывающие 3шт|9|32,00|0,00
20.03.2018|приход|пакеты перчатки|салфетки влаговпитывающие 5шт|3|42,00|0,00
20.03.2018|приход|пакеты перчатки|салфетки влаговпитывающие акция 3шт|6|18,00|0,00
20.03.2018|приход|пакеты перчатки|салфетки влаговпитывающие акция 5 шт|3|24,00|0,00
20.03.2018|приход|пакеты перчатки|салфетки влаговпитывающие детс 72шт|2|21,00|0,00
20.03.2018|приход|пакеты перчатки|салфетки влаж Браво|1|21,00|0,00
20.03.2018|приход|пакеты перчатки|салфетки влажн с клапан 72шт|1|30,00|0,00
20.03.2018|приход|пакеты перчатки|салфетки влажные  (м)|12|3,50|0,00
20.03.2018|приход|пакеты перчатки|салфетки влажные Рута детс 72 шт|1|35,00|0,00
20.03.2018|приход|пакеты перчатки|салфетки детск влажн 72шт|1|35,00|0,00
20.03.2018|приход|пакеты перчатки|салфетки макс эффект Фрекен бок|1|50,00|0,00
20.03.2018|приход|пакеты перчатки|салфетки микрофибра Фрекен бок|1|49,00|0,00
20.03.2018|приход|пакеты перчатки|салфетки премьер|4|5,50|0,00
20.03.2018|приход|пакеты перчатки|салфетки Рута|4|15,00|0,00
20.03.2018|приход|пакеты перчатки|салфетки Рута|1|14,00|0,00
20.03.2018|приход|пакеты перчатки|салфетки Рута|1|12,75|0,00
20.03.2018|приход|пакеты перчатки|салфетки Рута|2|12,50|0,00
20.03.2018|приход|пакеты перчатки|салфетки универс 3шт акция|1|12,00|0,00
20.03.2018|приход|пакеты перчатки|Салфетки Bonjour хустинки паперові|6|1,50|0,00
20.03.2018|приход|пакеты перчатки|свечи хоз|15|14,00|0,00
20.03.2018|приход|пакеты перчатки|свечи хоз|10|7,50|0,00
20.03.2018|приход|пакеты перчатки|свечи хоз|4|7,50|0,00
20.03.2018|приход|пакеты перчатки|свечи хоз 10часов|20|8,50|0,00
20.03.2018|приход|пакеты перчатки|свечи хоз 12часов|20|10,00|0,00
20.03.2018|приход|пакеты перчатки|свечи хоз 14часов|18|12,00|0,00
20.03.2018|приход|пакеты перчатки|свечи хоз 16часов|20|13,00|0,00
20.03.2018|приход|пакеты перчатки|свечи хоз 7часов|20|6,00|0,00
20.03.2018|приход|пакеты перчатки|Сетка москитка белая|73|13,00|0,00
20.03.2018|приход|пакеты перчатки|Сетка москитка зеленая|85|20,00|0,00
20.03.2018|приход|пакеты перчатки|скребок акция|9|7,50|0,00
20.03.2018|приход|пакеты перчатки|скребок Блеск |1|8,00|0,00
20.03.2018|приход|пакеты перчатки|скребок кух|2|11,50|0,00
20.03.2018|приход|пакеты перчатки|скребок кух 5шт|1|11,50|0,00
20.03.2018|приход|пакеты перчатки|скребок мелочи жизни|7|10,35|0,00
20.03.2018|приход|пакеты перчатки|скребок метал блеск |2|8,00|0,00
20.03.2018|приход|пакеты перчатки|скребок метал Prodom |6|5,50|0,00
20.03.2018|приход|пакеты перчатки|скребок металева 3-я блеск |5|13,00|0,00
20.03.2018|приход|пакеты перчатки|скребок Novux |1|7,00|0,00
20.03.2018|приход|пакеты перчатки|скребок Tiret |7|2,50|0,00
20.03.2018|приход|пакеты перчатки|спички|17|4,50|0,00
20.03.2018|приход|пакеты перчатки|спички|5|0,45|0,00
20.03.2018|приход|пакеты перчатки|стельки|7|15,00|0,00
20.03.2018|приход|пакеты перчатки|стельки|50|6,00|0,00
20.03.2018|приход|пакеты перчатки|стельки войлок|44|12,00|0,00
20.03.2018|приход|пакеты перчатки|т/б  Рута|4|9,00|0,00
20.03.2018|приход|пакеты перчатки|т/б  Рута 4в1|4|33,75|0,00
20.03.2018|приход|пакеты перчатки|т/б  Чемпион|2|9,00|0,00
20.03.2018|приход|пакеты перчатки|т/б 100%paper|1|19,50|0,00
20.03.2018|приход|пакеты перчатки|т/б Кохавинка|10|4,50|0,00
20.03.2018|приход|пакеты перчатки|т/б Мега|9|8,00|0,00
20.03.2018|приход|пакеты перчатки|т/б Обухов|1|5,25|0,00
20.03.2018|приход|пакеты перчатки|т/б Харьков|18|3,50|0,00
20.03.2018|приход|пакеты перчатки|т/б Чемпион|11|5,50|0,00
20.03.2018|приход|пакеты перчатки|фольга 10 м Appetito |1|12,00|0,00
20.03.2018|приход|пакеты перчатки|фольга 10м +рукав мелочи жизни |1|34,00|0,00
20.03.2018|приход|пакеты перчатки|фольга 10м мойдодир |1|23,00|0,00
20.03.2018|приход|пакеты перчатки|фольга 10м ЧесноЧек|1|17,00|0,00
20.03.2018|приход|пакеты перчатки|фольга 10м Stella |1|7,00|0,00
20.03.2018|приход|пакеты перчатки|фольга 20 м Matador |1|25,00|0,00
20.03.2018|приход|пакеты перчатки|фольга 20м Stella |1|13,00|0,00
20.03.2018|приход|пакеты перчатки|фольга 5м +рукав мелочи жизни |4|21,00|0,00
20.03.2018|приход|пакеты перчатки|фольга 5м мойдодир |1|13,00|0,00
20.03.2018|приход|пакеты перчатки|фольга пищевая 10м|1|20,00|0,00
20.03.2018|приход|пакеты перчатки|фольга пищевая 10м  Stella|1|7,00|0,00
20.03.2018|приход|пакеты перчатки|фольга пищевая 10м акция|1|17,50|0,00
20.03.2018|приход|пакеты перчатки|фольга пищевая 10м матадор|1|17,00|0,00
20.03.2018|приход|пакеты перчатки|фольга пищевая 10м мелочи жизни|2|36,00|0,00
20.03.2018|приход|пакеты перчатки|фольга пищевая 10м мойдодыр|1|23,00|0,00
20.03.2018|приход|пакеты перчатки|фольга пищевая 20м мелочи жизни|1|62,00|0,00
20.03.2018|приход|пакеты перчатки|фольга пищевая 20м Stella|1|13,00|0,00
20.03.2018|приход|пакеты перчатки|фольга пищевая 5м мелочи жизни|2|21,00|0,00
20.03.2018|приход|пакеты перчатки|фольга пищевая 5м мойдодыр|1|13,00|0,00
20.03.2018|приход|пакеты перчатки|щетка для одежды|1|30,00|0,00
20.03.2018|приход|пакеты перчатки|щетка для одежды|2|28,00|0,00
20.03.2018|приход|пакеты перчатки|щетка для одежды|1|5,00|0,00
20.03.2018|приход|пакеты перчатки|щетка одежная м|4|6,00|0,00
20.03.2018|приход|пакеты перчатки|щетка утюжек |1|17,00|0,00
20.03.2018|приход|пакеты перчатки|щетка утюжек больш|6|26,00|0,00
