20.03.2018|Приход|Дом|Замок 100мм секрет|1,00|180,00|0,00|
20.03.2018|Приход|Дом|Замок 60мм секрет|1,00|155,00|0,00|
20.03.2018|Приход|Дом|Замок 60мм секрет|1,00|75,00|0,00|
20.03.2018|Приход|Дом|Замок 60мм секрет|1,00|50,00|0,00|
20.03.2018|Приход|Дом|Замок 70мм секрет|1,00|165,00|0,00|
20.03.2018|Приход|Дом|Замок 70мм секрет|1,00|135,00|0,00|
20.03.2018|Приход|Дом|Замок 70мм секрет|1,00|93,00|0,00|
20.03.2018|Приход|Дом|Замок 70мм секрет|1,00|90,00|0,00|
20.03.2018|Приход|Дом|Замок 80мм секрет|1,00|175,00|0,00|
20.03.2018|Приход|Дом|Замок 80мм секрет|1,00|155,00|0,00|
20.03.2018|Приход|Дом|Замок 90мм секрет|1,00|200,00|0,00|
20.03.2018|Приход|Дом|Замок 90мм секрет|1,00|185,00|0,00|
20.03.2018|Приход|Дом|Замок 90мм секрет|3,00|175,00|0,00|
20.03.2018|Приход|Дом|Замок аверс 60 межкомн секрет|1,00|52,00|0,00|
20.03.2018|Приход|Дом|Замок аверс 60 секрет|4,00|57,00|0,00|
20.03.2018|Приход|Дом|Замок аверс 60 секрет|6,00|50,00|0,00|
20.03.2018|Приход|Дом|Замок аверс 70 секрет|1,00|57,00|0,00|
20.03.2018|Приход|Дом|Замок аверс 70 секрет|4,00|55,00|0,00|
20.03.2018|Приход|Дом|Замок врезной арико|1,00|78,00|0,00|
20.03.2018|Приход|Дом|Замок врезной аvers|1,00|230,00|0,00|
20.03.2018|Приход|Дом|Замок МЕ-901 внутренность|1,00|98,00|0,00|
20.03.2018|Приход|Дом|Замок межкомн секрет|1,00|52,00|0,00|
20.03.2018|Приход|Дом|Замок наклад секрет|1,00|150,00|0,00|
20.03.2018|Приход|Дом|Замок наклад секрет|1,00|140,00|0,00|
20.03.2018|Приход|Дом|Замок наклад секрет|1,00|115,00|0,00|
20.03.2018|Приход|Дом|Замок наклад секрет|1,00|90,00|0,00|
20.03.2018|Приход|Дом|Замок наклад секрет|3,00|50,00|0,00|
20.03.2018|Приход|Дом|Замок наклад Украина 3 ключа секрет|1,00|50,00|0,00|
20.03.2018|Приход|Дом|Замок наклад Украина 4 ключа секрет|1,00|57,00|0,00|
20.03.2018|Приход|Дом|Замок наклад Украина 5 ключей секрет|1,00|62,00|0,00|
20.03.2018|Приход|Дом|Замок с поворотником 100мм секрет|1,00|205,00|0,00|
20.03.2018|Приход|Дом|Замок с поворотником 60мм секрет|1,00|80,00|0,00|
20.03.2018|Приход|Дом|Замок с поворотником 60мм секрет|2,00|60,00|0,00|
20.03.2018|Приход|Дом|Замок с поворотником 60мм секрет|1,00|57,00|0,00|
20.03.2018|Приход|Дом|Замок с поворотником 70мм секрет|2,00|165,00|0,00|
20.03.2018|Приход|Дом|Замок с поворотником 80мм секрет|1,00|200,00|0,00|
20.03.2018|Приход|Дом|Замок с поворотником 80мм секрет|1,00|115,00|0,00|
20.03.2018|Приход|Дом|Замок с поворотником 90мм секрет|1,00|205,00|0,00|
20.03.2018|Приход|Дом|Замок с поворотником 90мм секрет|1,00|180,00|0,00|
20.03.2018|Приход|Дом|Замок с поворотником 90мм секрет|1,00|175,00|0,00|
20.03.2018|Приход|Дом|Замок с поворотником 90мм секрет|1,00|175,00|0,00|
20.03.2018|Приход|Дом|Замок с поворотником 90мм секрет|2,00|145,00|0,00|
20.03.2018|Приход|Дом|Замок Авантек 50|1,00|97,00|0,00|
20.03.2018|Приход|Дом|Замок аверс 38|1,00|42,00|0,00|
20.03.2018|Приход|Дом|Замок аверс 50|1,00|47,00|0,00|
20.03.2018|Приход|Дом|Замок аверс 70 секрет|1,00|90,00|0,00|
20.03.2018|Приход|Дом|Замок аверс 90 секрет|1,00|160,00|0,00|
20.03.2018|Приход|Дом|Замок аверс 90/55/35 секрет|1,00|175,00|0,00|
20.03.2018|Приход|Дом|Замок алюмин секрет|1,00|62,00|0,00|
20.03.2018|Приход|Дом|Замок алюмин секрет|4,00|57,00|0,00|
20.03.2018|Приход|Дом|Замок алюмин секрет|1,00|50,00|0,00|
20.03.2018|Приход|Дом|Замок Апекс краб большой|3,00|150,00|0,00|
20.03.2018|Приход|Дом|Замок Вело 0,65м|2,00|35,00|0,00|
20.03.2018|Приход|Дом|Замок Вело 0,8м|3,00|45,00|0,00|
20.03.2018|Приход|Дом|Замок Вело 1м|3,00|50,00|0,00|
20.03.2018|Приход|Дом|Замок внутренность|1,00|225,00|0,00|
20.03.2018|Приход|Дом|Замок внутренность|1,00|165,00|0,00|
20.03.2018|Приход|Дом|Замок внутренность|1,00|160,00|0,00|
20.03.2018|Приход|Дом|Замок внутренность|2,00|155,00|0,00|
20.03.2018|Приход|Дом|Замок внутренность|1,00|150,00|0,00|
20.03.2018|Приход|Дом|Замок внутренность|3,00|145,00|0,00|
20.03.2018|Приход|Дом|Замок внутренность|1,00|115,00|0,00|
20.03.2018|Приход|Дом|Замок внутренность|2,00|105,00|0,00|
20.03.2018|Приход|Дом|Замок внутренность|1,00|100,00|0,00|
20.03.2018|Приход|Дом|Замок врез|1,00|290,00|0,00|
20.03.2018|Приход|Дом|Замок врез|1,00|150,00|0,00|
20.03.2018|Приход|Дом|Замок врез|1,00|120,00|0,00|
20.03.2018|Приход|Дом|Замок врез 89-К|2,00|182,00|0,00|
20.03.2018|Приход|Дом|Замок врез бабочка|1,00|425,00|0,00|
20.03.2018|Приход|Дом|Замок врез бабочка м|1,00|175,00|0,00|
20.03.2018|Приход|Дом|Замок врез без секрета|1,00|165,00|0,00|
20.03.2018|Приход|Дом|Замок врез без секрета|4,00|150,00|0,00|
20.03.2018|Приход|Дом|Замок врез без секрета|2,00|140,00|0,00|
20.03.2018|Приход|Дом|Замок врез FSB|2,00|225,00|0,00|
20.03.2018|Приход|Дом|Замок император 36/26 секрет|1,00|175,00|0,00|
20.03.2018|Приход|Дом|Замок краб лодочка 60мм|2,00|80,00|0,00|
20.03.2018|Приход|Дом|Замок краб ARIKO 80мм|1,00|120,00|0,00|
20.03.2018|Приход|Дом|Замок лазерный 38|2,00|40,00|0,00|
20.03.2018|Приход|Дом|Замок мебельный|4,00|32,00|0,00|
20.03.2018|Приход|Дом|Замок мебельный|2,00|32,00|0,00|
20.03.2018|Приход|Дом|Замок межкомнатный 60 секрет|1,00|50,00|0,00|
20.03.2018|Приход|Дом|Замок межкомнатный секрет|1,00|52,00|0,00|
20.03.2018|Приход|Дом|Замок навес|2,00|19,00|0,00|
20.03.2018|Приход|Дом|Замок навес 38мм|1,00|20,00|0,00|
20.03.2018|Приход|Дом|Замок навес 40мм|1,00|37,00|0,00|
20.03.2018|Приход|Дом|Замок навес 50мм|1,00|42,00|0,00|
20.03.2018|Приход|Дом|Замок навес 70мм|1,00|56,00|0,00|
20.03.2018|Приход|Дом|Замок навес глобус б 80мм|1,00|110,00|0,00|
20.03.2018|Приход|Дом|Замок навес крестообр ключ желт 38мм|1,00|40,00|0,00|
20.03.2018|Приход|Дом|Замок навес крестообр ключ желт 50мм|1,00|50,00|0,00|
20.03.2018|Приход|Дом|Замок навес крестообр ключ желт 60мм|2,00|76,00|0,00|
20.03.2018|Приход|Дом|Замок навес крестообр ключ желт 70мм|1,00|102,00|0,00|
20.03.2018|Приход|Дом|Замок навес лев 38мм|1,00|42,00|0,00|
20.03.2018|Приход|Дом|Замок навес Чебоксары 50мм|1,00|90,00|59,00|
20.03.2018|Приход|Дом|Замок навес Чебоксары 80мм|2,00|103,00|68,17|
20.03.2018|Приход|Дом|Замок навес экстра 38мм|1,00|29,00|0,00|
20.03.2018|Приход|Дом|Замок навес экстра 40мм|1,00|53,00|0,00|
20.03.2018|Приход|Дом|Замок навес экстра 60мм|1,00|82,00|0,00|
20.03.2018|Приход|Дом|Замок навес AVRRS 38мм|1,00|43,00|0,00|
20.03.2018|Приход|Дом|Замок навес AVRRS 50мм|1,00|50,00|0,00|
20.03.2018|Приход|Дом|Замок навес АВАНТЕК 50мм|1,00|77,00|0,00|
20.03.2018|Приход|Дом|Замок навес аверс 50|1,00|50,00|0,00|
20.03.2018|Приход|Дом|Замок навес глобус 80мм|4,00|115,00|0,00|
20.03.2018|Приход|Дом|Замок навес Ермак 40|4,00|28,00|0,00|
20.03.2018|Приход|Дом|Замок навес Ермак 50|6,00|45,00|0,00|
20.03.2018|Приход|Дом|Замок навес ключ квадрат 38|1,00|40,00|0,00|
20.03.2018|Приход|Дом|Замок навес ключ квадрат 50|7,00|50,00|0,00|
20.03.2018|Приход|Дом|Замок навес ключ квадрат 63|3,00|76,00|0,00|
20.03.2018|Приход|Дом|Замок навес ключ квадрат 63|1,00|60,00|0,00|
20.03.2018|Приход|Дом|Замок навес ключ квадрат 75|2,00|102,00|0,00|
20.03.2018|Приход|Дом|Замок навес контролька|3,00|30,00|0,00|
20.03.2018|Приход|Дом|Замок навес лазер 40мм|2,00|40,00|0,00|
20.03.2018|Приход|Дом|Замок навес лазер 55мм|1,00|93,00|0,00|
20.03.2018|Приход|Дом|Замок навес Лев 40|4,00|42,00|0,00|
20.03.2018|Приход|Дом|Замок навес Лев 50|2,00|62,00|0,00|
20.03.2018|Приход|Дом|Замок навес м декоративн|1,00|15,00|0,00|
20.03.2018|Приход|Дом|Замок навес МС-б 80мм|1,00|130,00|0,00|
20.03.2018|Приход|Дом|Замок навес с декорат|1,00|17,00|0,00|
20.03.2018|Приход|Дом|Замок навес серый 32|3,00|17,00|0,00|
20.03.2018|Приход|Дом|Замок навес серый 50|3,00|37,00|0,00|
20.03.2018|Приход|Дом|Замок навес серый 63|6,00|42,00|0,00|
20.03.2018|Приход|Дом|Замок навес серый 93|1,00|56,00|0,00|
20.03.2018|Приход|Дом|Замок навес экстра 40|9,00|29,00|0,00|
20.03.2018|Приход|Дом|Замок навес экстра 70|6,00|82,00|0,00|
20.03.2018|Приход|Дом|Замок навес Gusami 55мм|1,00|93,00|2,12|
20.03.2018|Приход|Дом|Замок накладной|1,00|246,00|0,00|
20.03.2018|Приход|Дом|Замок накладной|2,00|235,00|0,00|
20.03.2018|Приход|Дом|Замок накладной|1,00|185,00|0,00|
20.03.2018|Приход|Дом|Замок накладной|1,00|175,00|0,00|
20.03.2018|Приход|Дом|Замок накладной|1,00|150,00|0,00|
20.03.2018|Приход|Дом|Замок накладной|1,00|143,00|0,00|
20.03.2018|Приход|Дом|Замок накладной|1,00|140,00|0,00|
20.03.2018|Приход|Дом|Замок накладной|1,00|130,00|0,00|
20.03.2018|Приход|Дом|Замок накладной|1,00|125,00|0,00|
20.03.2018|Приход|Дом|Замок накладной|1,00|125,00|0,00|
20.03.2018|Приход|Дом|Замок накладной|1,00|193,00|0,00|
20.03.2018|Приход|Дом|Замок накладной замок секрет|2,00|50,00|0,00|
20.03.2018|Приход|Дом|Замок накладной замок секрет|2,00|37,00|0,00|
20.03.2018|Приход|Дом|Замок накладной кодовый|1,00|425,00|0,00|
20.03.2018|Приход|Дом|Замок П образ сред|1,00|85,00|0,00|
20.03.2018|Приход|Дом|Замок П-образ 70мм|2,00|75,00|0,00|
20.03.2018|Приход|Дом|Замок П-образ 90мм|1,00|75,00|0,00|
20.03.2018|Приход|Дом|Замок ручка врез шарик|1,00|155,00|0,00|
20.03.2018|Приход|Дом|Замок тандем|1,00|100,00|0,00|
20.03.2018|Приход|Дом|Замок тандем внутренность|1,00|105,00|0,00|
20.03.2018|Приход|Дом|Замок тандем ЗВ внутренность|2,00|100,00|0,00|
20.03.2018|Приход|Дом|Замок Flins 60 секрет|2,00|80,00|0,00|
20.03.2018|Приход|Дом|Замок FSB 60 секрет|2,00|75,00|0,00|
20.03.2018|Приход|Дом|Замок FSB 70 секрет|2,00|93,00|0,00|
20.03.2018|Приход|Дом|Замок FSB 70 секрет|1,00|80,00|0,00|
20.03.2018|Приход|Дом|Защелка замеа Apecs|1,00|50,00|0,00|
20.03.2018|Приход|Дом|Защелка замка AVERS|3,00|55,00|0,00|
20.03.2018|Приход|Дом|Защелка APEKS|1,00|55,00|0,00|
20.03.2018|Приход|Сантехника|Згон длин 15|1,00|8,00|0,00|
20.03.2018|Приход|Сантехника|Згон длин 20|1,00|9,50|0,00|
20.03.2018|Приход|Сантехника|Згон длин 25|1,00|115,00|0,00|
20.03.2018|Приход|Сантехника|Згон длин 32|1,00|15,00|0,00|
20.03.2018|Приход|Сантехника|Згон длин 40|1,00|19,00|0,00|
20.03.2018|Приход|Сантехника|Згон длин 50|1,00|26,00|0,00|
20.03.2018|Приход|Сантехника|Згон длин резьба 15|1,00|4,75|0,00|
20.03.2018|Приход|Сантехника|Згон длин резьба 20|1,00|6,50|0,00|
20.03.2018|Приход|Сантехника|Згон длин резьба 25|1,00|8,00|0,00|
20.03.2018|Приход|Сантехника|Згон длин резьба 32|1,00|12,00|0,00|
20.03.2018|Приход|Сантехника|Згон длин резьба 40|1,00|14,00|0,00|
20.03.2018|Приход|Сантехника|Згон длин резьба 50|1,00|21,00|0,00|
20.03.2018|Приход|Сантехника|Згон корот 15|1,00|3,50|0,00|
20.03.2018|Приход|Сантехника|Згон корот 20|1,00|4,25|0,00|
20.03.2018|Приход|Сантехника|Згон корот 25|1,00|5,25|0,00|
20.03.2018|Приход|Сантехника|Згон корот 32|1,00|7,85|0,00|
20.03.2018|Приход|Сантехника|Згон корот 40|1,00|10,00|0,00|
20.03.2018|Приход|Сантехника|Згон корот 50|1,00|12,00|0,00|
20.03.2018|Приход|Сантехника|Иксцентрик|10,00|17,00|0,00|
20.03.2018|Приход|Сантехника|Канат джутов Ø10|57,00|10,00|0,00|
20.03.2018|Приход|Сантехника|Канат джутов Ø14|45,00|11,00|0,00|
20.03.2018|Приход|Сантехника|Канат джутов Ø16|43,50|13,00|0,00|
20.03.2018|Приход|Сантехника|Канцевик на провод Е1508|22,00|0,10|0,00|
20.03.2018|Приход|Сантехника|Карабин с коловор №4|1,00|6,00|0,00|
20.03.2018|Приход|Сантехника|Катридж 35|1,00|88,00|0,00|
20.03.2018|Приход|Сантехника|Катридж 35|1,00|34,00|0,00|
20.03.2018|Приход|Сантехника|Катридж 40|1,00|92,00|0,00|
20.03.2018|Приход|Сантехника|Катридж 40|1,00|37,00|0,00|
20.03.2018|Приход|Сантехника|Катридж Ø 32 в смеситель дешов|3,00|34,00|0,00|
20.03.2018|Приход|Сантехника|Катридж Ø 32 в смеситель Турция|1,00|88,00|0,00|
20.03.2018|Приход|Сантехника|Катридж Ø 40 в смеситель|1,00|37,00|0,00|
20.03.2018|Приход|Сантехника|Клапан на болер|3,00|46,00|0,00|
20.03.2018|Приход|Сантехника|Клапан на унитаз|1,00|17,00|0,00|
20.03.2018|Приход|Сантехника|Ключ под колбу|1,00|15,00|0,00|
20.03.2018|Приход|Сантехника|Колба 1,2|1,00|188,00|0,00|
20.03.2018|Приход|Сантехника|Колба 3,4|1,00|195,00|0,00|
20.03.2018|Приход|Сантехника|Колектор ½|2,00|18,50|0,00|
20.03.2018|Приход|Сантехника|Колектор ¾|1,00|20,00|0,00|
20.03.2018|Приход|Сантехника|Коллектор ½|1,00|5,00|0,00|
20.03.2018|Приход|Сантехника|Коллектор соединен|2,00|5,00|0,00|
20.03.2018|Приход|Сантехника|Коловорот оцинк|1,00|15,00|0,00|
20.03.2018|Приход|Сантехника|Колосник|10,00|36,00|0,00|
20.03.2018|Приход|Сантехника|Колосник|10,00|33,00|0,00|
20.03.2018|Приход|Сантехника|Колосник в сборе|2,00|150,00|0,00|
20.03.2018|Приход|Сантехника|Колосник в сборе|2,00|135,00|0,00|
20.03.2018|Приход|Сантехника|Конек ориг вишня|5,00|135,00|0,00|
20.03.2018|Приход|Сантехника|Конек ориг зеленый|8,00|135,00|0,00|
20.03.2018|Приход|Сантехника|Конек ориг коричневый|9,00|135,00|0,00|
20.03.2018|Приход|Сантехника|Контрагайка 15|1,00|4,00|0,00|
20.03.2018|Приход|Сантехника|Контрагайка 20|1,00|5,00|0,00|
20.03.2018|Приход|Сантехника|Контрагайка 32|1,00|10,00|0,00|
20.03.2018|Приход|Сантехника|Контрагайка 40|1,00|11,00|0,00|
20.03.2018|Приход|Сантехника|Контрагайка 50|1,00|15,00|0,00|
20.03.2018|Приход|Сантехника|Контрагайка лат 40|1,00|21,00|0,00|
20.03.2018|Приход|Сантехника|Короб 16*16|9,00|11,00|0,00|
20.03.2018|Приход|Сантехника|Короб под гипс метал|108,00|4,00|0,00|
20.03.2018|Приход|Сантехника|Коронка по бетону Ø65|1,00|95,00|0,00|
20.03.2018|Приход|Сантехника|Коронка по бетону Ø65|1,00|95,00|0,00|
20.03.2018|Приход|Сантехника|Коронка Ø65|1,00|190,00|0,00|
20.03.2018|Приход|Сантехника|Короткий Ø100|9,00|25,00|0,00|
20.03.2018|Приход|Сантехника|Короткий Ø100|9,00|25,00|0,00|
20.03.2018|Приход|Сантехника|Крабы б|4,00|25,00|0,00|
20.03.2018|Приход|Сантехника|Крабы м|8,00|10,00|0,00|
20.03.2018|Приход|Сантехника|Крабы с|4,00|12,00|0,00|
20.03.2018|Приход|Сантехника|Кран ½ наруж пиво|1,00|46,00|0,00|
20.03.2018|Приход|Сантехника|Кран 3/4 наруж|1,00|50,00|0,00|
20.03.2018|Приход|Сантехника|Кран 1' ¼ B*1' ¼ H|1,00|122,00|0,00|
20.03.2018|Приход|Сантехника|Кран 20|4,00|30,00|0,00|
20.03.2018|Приход|Сантехника|Кран 25|9,00|44,00|0,00|
20.03.2018|Приход|Сантехника|Кран для пол пласм|8,00|8,00|0,00|
20.03.2018|Приход|Сантехника|Кран Днепро|1,00|40,00|0,00|
20.03.2018|Приход|Сантехника|Кран кухня Ferro|2,00|155,00|0,00|
20.03.2018|Приход|Сантехника|Кран кухня Master|1,00|90,00|0,00|
20.03.2018|Приход|Сантехника|Кран кухня Master-269|1,00|100,00|0,00|
20.03.2018|Приход|Сантехника|Кран кухня Smes-269|1,00|255,00|0,00|
20.03.2018|Приход|Сантехника|Кран Маевского ½|1,00|14,50|0,00|
20.03.2018|Приход|Сантехника|Кран проход на стир машину ½ * ½|1,00|42,00|0,00|
20.03.2018|Приход|Сантехника|Кран прямой 20/1,2 н|1,00|65,00|0,00|
20.03.2018|Приход|Сантехника|Кран прямой 25х3,4 н|7,00|80,00|0,00|
20.03.2018|Приход|Сантехника|Кран угловой 20/1,2 н|5,00|66,00|0,00|
20.03.2018|Приход|Сантехника|Кран угловой 25/3,4 н|8,00|76,00|0,00|
20.03.2018|Приход|Сантехника|Кран угловой КОЕR|6,00|100,00|0,00|
20.03.2018|Приход|Сантехника|Кран фитенс D25* ¾ d|2,00|65,00|0,00|
20.03.2018|Приход|Сантехника|Кран фитенс D25* ¾ y|3,00|65,00|0,00|
20.03.2018|Приход|Сантехника|Кран фитенс D25*25|1,00|79,00|0,00|
20.03.2018|Приход|Сантехника|Кран шар ½ В* ½ В|7,00|34,00|0,00|
20.03.2018|Приход|Сантехника|Кран шар ½ В* ½ В газ|4,00|39,00|0,00|
20.03.2018|Приход|Сантехника|Кран шар ½ В* ½ Н|6,00|34,00|0,00|
20.03.2018|Приход|Сантехника|Кран шар ½ В* ½ Н газ|4,00|39,00|0,00|
20.03.2018|Приход|Сантехника|Кран шар ½ Н* ½ Н|4,00|34,00|0,00|
20.03.2018|Приход|Сантехника|Кран шар 1' ½ B*1' ½ B|1,00|160,00|0,00|
20.03.2018|Приход|Сантехника|Кран шар 1'B*1'H|1,00|115,00|2,60|
20.03.2018|Приход|Сантехника|Кран шар 1/2 В* 1/2 Н KOER|5,00|75,00|1,62|
20.03.2018|Приход|Сантехника|Кран шар 1/2 В* ½ В KOER|5,00|75,00|1,70|
20.03.2018|Приход|Сантехника|Кран шар ½ Н* ½ Н|1,00|34,00|0,00|
20.03.2018|Приход|Сантехника|Кран шар ½ B* ½ Н|1,00|34,00|0,00|
20.03.2018|Приход|Сантехника|Кран шар 16* ½ В|4,00|50,00|1,12|
20.03.2018|Приход|Сантехника|Кран шар 2'B*2'H|1,00|260,00|0,00|
20.03.2018|Приход|Сантехника|Кран шар 3/4 В* 3/4 В KOER|8,00|115,00|2,60|
20.03.2018|Приход|Сантехника|Кран шар 3/4 В* 3/4 Н KOER|2,00|115,00|2,60|
20.03.2018|Приход|Сантехника|Кран шар ½ В* ½ В|1,00|34,00|0,00|
20.03.2018|Приход|Сантехника|Кран шар 3/4 В* ¾ В*3/4 В* ¾ Н|2,00|49,00|0,00|
20.03.2018|Приход|Сантехника|Кран шар м/п 16* ½ Н|6,00|50,00|0,00|
20.03.2018|Приход|Сантехника|Кран шар м/п 16*16|2,00|65,00|0,00|
20.03.2018|Приход|Сантехника|Кран шар м/п 20* ¾ В|3,00|75,00|0,00|
20.03.2018|Приход|Сантехника|Кран шар м/п 20* ¾ н|4,00|72,00|0,00|
20.03.2018|Приход|Сантехника|Кран шар м/п 20*20|2,00|115,00|0,00|
20.03.2018|Приход|Сантехника|Кран шар м/п Ø16* ½ В;Ø16* ½ В;Н|2,00|50,00|0,00|
20.03.2018|Приход|Сантехника|Кран шар м/п Ø16*16|1,00|65,00|0,00|
20.03.2018|Приход|Сантехника|Кран шар м/п Ø20* ¾ В|1,00|75,00|0,00|
20.03.2018|Приход|Сантехника|Кран шар м/п Ø20* ¾ Н|1,00|72,00|0,00|
20.03.2018|Приход|Сантехника|Кран шар м/п Ø20*20|1,00|115,00|0,00|
20.03.2018|Приход|Сантехника|Кран шар полив ½|3,00|13,00|0,00|
20.03.2018|Приход|Сантехника|Кран шар полив ¾|2,00|15,00|0,00|
20.03.2018|Приход|Сантехника|Кран d20* ½ в|2,00|46,00|0,00|
20.03.2018|Приход|Сантехника|Кран d20* ½ н|1,00|46,00|0,00|
20.03.2018|Приход|Сантехника|Кран-лейка на летний душ|1,00|48,00|0,00|
20.03.2018|Приход|Сантехника|Кран-лейка на летний душ пласм|1,00|72,00|0,00|
20.03.2018|Приход|Сантехника|Кран-лейка на летний душ пласм|1,00|21,00|0,00|
20.03.2018|Приход|Сантехника|Краник|1,00|92,50|0,00|
20.03.2018|Приход|Сантехника|Краник|3,00|82,50|0,00|
20.03.2018|Приход|Сантехника|Крепеж для унитаза набор|1,00|50,00|0,00|
20.03.2018|Приход|Сантехника|Крепеж амстронг|3,00|21,00|0,00|
20.03.2018|Приход|Сантехника|Крепеж бачка с унитазом|5,00|12,00|0,00|
20.03.2018|Приход|Сантехника|Крепеж бачка с унитазом лат|4,00|37,00|0,00|
20.03.2018|Приход|Сантехника|Крепеж длинный|4,00|18,50|0,00|
20.03.2018|Приход|Сантехника|Крепеж длиный глубокий|51,00|18,50|0,00|
20.03.2018|Приход|Сантехника|Крепеж для батареи|1,00|17,00|0,00|
20.03.2018|Приход|Сантехника|Крепеж для трубы Ø100|11,00|26,00|0,00|
20.03.2018|Приход|Сантехника|Крепеж для трубы Ø110|4,00|30,00|0,00|
20.03.2018|Приход|Сантехника|Крепеж для трубы Ø120|2,00|32,00|0,00|
20.03.2018|Приход|Сантехника|Крепеж для трубы Ø130|7,00|31,00|0,00|
20.03.2018|Приход|Сантехника|Крепеж для трубы Ø150|10,00|34,00|0,00|
20.03.2018|Приход|Сантехника|Крепеж короткий|20,00|18,50|0,00|
20.03.2018|Приход|Сантехника|Крепеж на крышку унитаза|2,00|35,00|0,00|
20.03.2018|Приход|Сантехника|Крепеж на крышку унитаза|2,00|30,00|0,00|
20.03.2018|Приход|Сантехника|Крепеж полукруглый|52,00|18,50|0,00|
20.03.2018|Приход|Сантехника|Крепеж трубы оцинк Ø100|2,00|25,00|0,00|
20.03.2018|Приход|Сантехника|Крепеж трубы оцинк Ø120|2,00|30,00|0,00|
20.03.2018|Приход|Сантехника|Крепеж трубы оцинк Ø130|2,00|31,00|0,00|
20.03.2018|Приход|Сантехника|Крепеж трубы оцинк Ø150|2,00|34,00|0,00|
20.03.2018|Приход|Сантехника|Крепеж унитаза|2,00|7,50|0,00|
20.03.2018|Приход|Сантехника|Крепление 1дюйм|1,00|14,00|0,00|
20.03.2018|Приход|Сантехника|Крепление ¾ дюйма|1,00|13,00|0,00|
20.03.2018|Приход|Сантехника|Крепление для душа|1,00|24,00|0,00|
20.03.2018|Приход|Сантехника|Крепление для труб 1/2д|1,00|12,00|0,00|
20.03.2018|Приход|Сантехника|Крепление для труб 1/4д|1,00|16,00|0,00|
20.03.2018|Приход|Сантехника|Крепление для унитаза бачка|1,00|50,00|0,00|
20.03.2018|Приход|Сантехника|Крепление унитаза|3,00|6,00|0,00|
20.03.2018|Приход|Сантехника|Крепление экопласт 25 на трубу|2,00|1,50|0,00|
20.03.2018|Приход|Сантехника|Крест ½ ВВВ лат|11,00|27,50|0,00|
20.03.2018|Приход|Сантехника|Крест 110|3,00|70,00|0,00|
20.03.2018|Приход|Сантехника|Крест 110*50*110*50|5,00|50,00|0,00|
20.03.2018|Приход|Сантехника|Крест 110/45|3,00|70,00|0,00|
20.03.2018|Приход|Сантехника|Крест 20|5,00|10,00|0,00|
20.03.2018|Приход|Сантехника|Крест 25|4,00|13,00|0,00|
20.03.2018|Приход|Сантехника|Крест 32х3/4 в х32|1,00|31,00|0,00|
20.03.2018|Приход|Сантехника|Крест 50|2,00|32,00|0,00|
20.03.2018|Приход|Сантехника|Крест м/п 16*16*16*16|2,00|55,00|0,00|
20.03.2018|Приход|Сантехника|Крест м/п Ø20* 20*20*20|1,00|103,00|0,00|
20.03.2018|Приход|Сантехника|Крест поливоч ¾|16,00|7,50|0,00|
20.03.2018|Приход|Сантехника|Крестики на плитку|1,00|8,00|0,00|
20.03.2018|Приход|Сантехника|Кронштейн для радиаторов|3,00|17,00|0,00|
20.03.2018|Приход|Сантехника|Крошеный Ø100|3,00|36,00|0,00|
20.03.2018|Приход|Сантехника|Крошеный Ø100|3,00|36,00|0,00|
20.03.2018|Приход|Сантехника|Крышка для ванны|20,00|5,00|0,00|
20.03.2018|Приход|Сантехника|Крышка на унитаз детская|1,00|100,00|0,00|
20.03.2018|Приход|Сантехника|Крышка на унитаз мягкая|1,00|130,00|0,00|
20.03.2018|Приход|Сантехника|Крышка на унитаз мягкая|5,00|125,00|0,00|
20.03.2018|Приход|Сантехника|Крышка на унитаз пласм|1,00|195,00|0,00|
20.03.2018|Приход|Сантехника|Крышка на унитаз пласм|1,00|116,00|0,00|
20.03.2018|Приход|Сантехника|Крышка резин|1,00|13,00|0,00|
20.03.2018|Приход|Сантехника|Крючок двойн|18,00|10,00|0,00|
20.03.2018|Приход|Сантехника|Крючок двойной декор|4,00|23,50|0,00|
20.03.2018|Приход|Сантехника|Крючок декор двойн|8,00|17,00|0,00|
20.03.2018|Приход|Сантехника|Крючок декорат двойн|1,00|12,00|0,00|
20.03.2018|Приход|Сантехника|Крючок декорат двойн золот|1,00|20,00|0,00|
20.03.2018|Приход|Сантехника|Крючок декорат двойн прост|2,00|9,50|0,00|
20.03.2018|Приход|Сантехника|Крючок декорат один|1,00|7,00|0,00|
20.03.2018|Приход|Сантехника|Крючок на липучке большой|39,00|5,00|0,00|
20.03.2018|Приход|Сантехника|Крючок на липучке мал|28,00|3,50|0,00|
20.03.2018|Приход|Сантехника|Крючок на присоске|1,00|5,00|0,00|
20.03.2018|Приход|Сантехника|Крючок на присоске|13,00|3,50|0,00|
20.03.2018|Приход|Сантехника|Крючок одеж 2й мол|19,00|9,50|0,00|
20.03.2018|Приход|Сантехника|Крючок один|44,00|9,50|0,00|
20.03.2018|Приход|Сантехника|Крючок С 10*120|10,00|10,00|0,00|
20.03.2018|Приход|Сантехника|Крючок с дюбел мет 6*38|50,00|3,30|0,00|
20.03.2018|Приход|Сантехника|Крючок хоз б|1,00|17,00|0,00|
20.03.2018|Приход|Сантехника|Крючок хоз б|9,00|8,00|0,00|
20.03.2018|Приход|Сантехника|Крючок хоз мален|3,00|7,00|0,00|
20.03.2018|Приход|Сантехника|Крючок хоз с|11,00|8,00|0,00|
20.03.2018|Приход|Сантехника|Лейка воронка большая|1,00|9,00|0,00|
20.03.2018|Приход|Сантехника|Лейка воронка маленькая|10,00|6,00|0,00|
20.03.2018|Приход|Сантехника|Лейка воронка средняя|5,00|7,00|0,00|
20.03.2018|Приход|Сантехника|Лейка на душ|1,00|46,00|0,00|
20.03.2018|Приход|Сантехника|Лейка на душ|1,00|40,00|0,00|
20.03.2018|Приход|Сантехника|Лейка на душ|1,00|39,00|0,00|
20.03.2018|Приход|Сантехника|Лейка на душ|1,00|29,00|0,00|
20.03.2018|Приход|Сантехника|Лейка на лет душ в сборе мет|2,00|47,00|0,00|
20.03.2018|Приход|Сантехника|Лейка на лет душ в сборе пласм|7,00|72,00|0,00|
20.03.2018|Приход|Сантехника|Лейка на лет душ пласм|13,00|21,00|0,00|
20.03.2018|Приход|Сантехника|Лента под ванну 41*3,2|2,00|146,00|0,00|
20.03.2018|Приход|Сантехника|Лента фум большая желтая|7,00|28,00|0,00|
20.03.2018|Приход|Сантехника|Лента фум маленькая желтая|2,00|10,00|0,00|
20.03.2018|Приход|Сантехника|Лента фум маленькая(под кран)|18,00|8,00|0,14|
20.03.2018|Приход|Сантехника|Лента фум с|1,00|16,00|0,00|
20.03.2018|Приход|Сантехника|Линейка строительная 1 м|1,00|50,00|0,00|
20.03.2018|Приход|Сантехника|Лупа под смеситель|1,00|137,00|0,00|
20.03.2018|Приход|Сантехника|Лупа под смеситель|1,00|85,00|0,00|
20.03.2018|Приход|Сантехника|Лупа под смеситель|10,00|80,00|0,00|
20.03.2018|Приход|Сантехника|Люк дверца|1,00|80,00|0,00|
20.03.2018|Приход|Сантехника|Маяк 2,5м 10мм|55,00|10,00|0,00|
20.03.2018|Приход|Сантехника|Маячок 2,5м 6мм|87,00|8,00|4,37|
20.03.2018|Приход|Сантехника|Маяк 3м 10мм|43,00|12,00|0,00|
20.03.2018|Приход|Сантехника|Маяк 3м 6мм|28,00|9,00|0,00|
20.03.2018|Приход|Сантехника|Мойка пласм вып|5,00|44,00|0,00|
20.03.2018|Приход|Сантехника|Морковка полив ½|1,00|12,00|0,00|
20.03.2018|Приход|Сантехника|Морковка полив ¾|1,00|15,00|0,00|
20.03.2018|Приход|Сантехника|Муфта 20х3,4 в|8,00|20,00|0,00|
20.03.2018|Приход|Сантехника|Муфта 20х3,4 н|7,00|19,50|0,00|
20.03.2018|Приход|Сантехника|Муфта 25х1,2 в|13,00|15,50|0,00|
20.03.2018|Приход|Сантехника|Муфта 25х1,2 н|8,00|19,50|0,00|
20.03.2018|Приход|Сантехника|Муфта 25х3,4 в|14,00|17,50|0,00|
20.03.2018|Приход|Сантехника|Муфта 25х3,4 н|18,00|18,50|0,00|
20.03.2018|Приход|Сантехника|Муфта Ø20|113,00|2,50|0,00|
20.03.2018|Приход|Сантехника|Муфта Ø25|71,00|3,60|0,00|
20.03.2018|Приход|Сантехника|Муфта 1*В лат|5,00|12,50|0,00|
20.03.2018|Приход|Сантехника|Муфта ½ В лат|6,00|12,00|0,00|
20.03.2018|Приход|Сантехника|Муфта ½ под вент|14,00|10,00|0,00|
20.03.2018|Приход|Сантехника|Муфта 15|1,00|6,00|0,00|
20.03.2018|Приход|Сантехника|Муфта 20|1,00|7,00|0,00|
20.03.2018|Приход|Сантехника|Муфта 20х1 в|5,00|14,50|0,00|
20.03.2018|Приход|Сантехника|Муфта 20х1 н|11,00|14,50|0,00|
20.03.2018|Приход|Сантехника|Муфта 20х1,2 в|20,00|14,50|0,00|
20.03.2018|Приход|Сантехника|Муфта 20х1,2 н|10,00|14,50|0,00|
20.03.2018|Приход|Сантехника|Муфта 20х1/2 в|11,00|10,50|0,00|
20.03.2018|Приход|Сантехника|Муфта 20х1/2 в|6,00|9,00|0,00|
20.03.2018|Приход|Сантехника|Муфта 20х1/2 н|5,00|10,50|0,00|
20.03.2018|Приход|Сантехника|Муфта 20х20|6,00|18,50|0,00|
20.03.2018|Приход|Сантехника|Муфта 20х25|7,00|18,50|0,00|
20.03.2018|Приход|Сантехника|Муфта 20х3/4 в|12,00|13,50|0,00|
20.03.2018|Приход|Сантехника|Муфта 20х3/4 н|12,00|13,50|0,00|
20.03.2018|Приход|Сантехника|Муфта 25|1,00|10,50|0,00|
20.03.2018|Приход|Сантехника|Муфта 25х1 в|11,00|14,00|0,00|
20.03.2018|Приход|Сантехника|Муфта 25х1 н|11,00|14,00|0,00|
20.03.2018|Приход|Сантехника|Муфта 25х1/2 в|6,00|13,50|0,00|
20.03.2018|Приход|Сантехника|Муфта 25х1/2 в|8,00|13,50|0,00|
20.03.2018|Приход|Сантехника|Муфта 25х1/2 н|17,00|13,00|0,00|
20.03.2018|Приход|Сантехника|Муфта 25х25|8,00|20,50|0,00|
20.03.2018|Приход|Сантехника|Муфта 25х3/4 в|14,00|14,00|0,00|
20.03.2018|Приход|Сантехника|Муфта 25х3/4 н|16,00|15,50|0,00|
20.03.2018|Приход|Сантехника|Муфта 25х3/4 н|1,00|14,00|0,00|
20.03.2018|Приход|Сантехника|Муфта ¾ В лат|6,00|12,50|0,00|
20.03.2018|Приход|Сантехника|Муфта 32|1,00|13,00|0,00|
20.03.2018|Приход|Сантехника|Муфта 32|2,00|7,50|0,00|
20.03.2018|Приход|Сантехника|Муфта 32х1 1,4 в|4,00|19,00|0,00|
20.03.2018|Приход|Сантехника|Муфта 32х1 1,4 в|5,00|19,50|0,00|
20.03.2018|Приход|Сантехника|Муфта 32х1 1,4 н|4,00|19,50|0,00|
20.03.2018|Приход|Сантехника|Муфта 32х1 в|1,00|19,50|0,00|
20.03.2018|Приход|Сантехника|Муфта 32х1 в|9,00|19,00|0,00|
20.03.2018|Приход|Сантехника|Муфта 32х1 в|9,00|17,00|0,00|
20.03.2018|Приход|Сантехника|Муфта 32х1 н|9,00|19,00|0,00|
20.03.2018|Приход|Сантехника|Муфта 32х1 н|7,00|17,00|0,00|
20.03.2018|Приход|Сантехника|Муфта 32х1/2 в|12,00|18,50|0,00|
20.03.2018|Приход|Сантехника|Муфта 32х1/2 в|10,00|14,00|0,00|
20.03.2018|Приход|Сантехника|Муфта 32х1/2 н|7,00|18,50|0,00|
20.03.2018|Приход|Сантехника|Муфта 32х1/2 н|6,00|16,00|0,00|
20.03.2018|Приход|Сантехника|Муфта 32х1/4 н|1,00|19,00|0,00|
20.03.2018|Приход|Сантехника|Муфта 32х25|5,00|22,50|0,00|
20.03.2018|Приход|Сантехника|Муфта 32х3/4 в|8,00|18,50|0,00|
20.03.2018|Приход|Сантехника|Муфта 32х3/4 в|11,00|16,50|0,00|
20.03.2018|Приход|Сантехника|Муфта 32х3/4 н|1,00|18,50|0,00|
20.03.2018|Приход|Сантехника|Муфта 32х3/4 н|12,00|18,50|0,00|
20.03.2018|Приход|Сантехника|Муфта 32х3/4 н|19,00|16,50|0,00|
20.03.2018|Приход|Сантехника|Муфта 32х32 в|9,00|25,00|0,00|
20.03.2018|Приход|Сантехника|Муфта 32х32 в|12,00|20,50|0,00|
20.03.2018|Приход|Сантехника|Муфта 32х32х1,2 в|6,00|19,00|0,00|
20.03.2018|Приход|Сантехника|Муфта 40|1,00|29,00|0,00|
20.03.2018|Приход|Сантехника|Муфта 50|1,00|32,00|0,00|
20.03.2018|Приход|Сантехника|Муфта 50|10,00|14,00|0,00|
20.03.2018|Приход|Сантехника|Муфта кор с резьбой Ø15|22,00|3,50|0,00|
20.03.2018|Приход|Сантехника|Муфта кор с резьбой Ø20|18,00|4,25|0,00|
20.03.2018|Приход|Сантехника|Муфта кор с резьбой Ø25|8,00|5,25|0,00|
20.03.2018|Приход|Сантехника|Муфта кор с резьбой Ø40|7,00|10,00|0,00|
20.03.2018|Приход|Сантехника|Муфта кор с резьбой Ø50|7,00|12,00|0,00|
20.03.2018|Приход|Сантехника|Муфта кор с резьбой длин Ø15|7,00|4,75|0,00|
20.03.2018|Приход|Сантехника|Муфта кор с резьбой длин Ø20|6,00|6,50|0,00|
20.03.2018|Приход|Сантехника|Муфта кор с резьбой длин Ø25|11,00|6,50|0,00|
20.03.2018|Приход|Сантехника|Муфта кор с резьбой длин Ø32|11,00|10,00|0,00|
20.03.2018|Приход|Сантехника|Муфта кор с резьбой длин Ø40|2,00|14,00|0,00|
20.03.2018|Приход|Сантехника|Муфта кор с резьбой длин Ø50|9,00|21,00|0,00|
20.03.2018|Приход|Сантехника|Муфта крепление 32х1/2|1,00|28,50|0,00|
20.03.2018|Приход|Сантехника|Муфта М-10|1,00|60,00|0,00|
20.03.2018|Приход|Сантехника|Муфта м/п Ø16* ½ В Ø16* ½ Н|2,00|16,00|0,00|
20.03.2018|Приход|Сантехника|Муфта м/п Ø16* ¾ В Ø16* ¾ Н|2,00|21,00|0,00|
20.03.2018|Приход|Сантехника|Муфта м/п Ø16*16|1,00|25,00|0,00|
20.03.2018|Приход|Сантехника|Муфта м/п Ø20* ½ Н Ø20 * ½ В|2,00|25,00|0,00|
20.03.2018|Приход|Сантехника|Муфта м/п Ø20* ¾ Н Ø20 * ¾ В|2,00|27,50|0,00|
20.03.2018|Приход|Сантехника|Муфта м/п Ø20*16|1,00|61,00|0,00|
20.03.2018|Приход|Сантехника|Муфта м/п Ø20*20|1,00|47,00|0,00|
20.03.2018|Приход|Сантехника|Муфта мет Ø15|14,00|6,00|0,00|
20.03.2018|Приход|Сантехника|Муфта мет Ø20|11,00|7,00|0,00|
20.03.2018|Приход|Сантехника|Муфта мет Ø25|17,00|10,50|0,00|
20.03.2018|Приход|Сантехника|Муфта мет Ø32|16,00|13,00|0,00|
20.03.2018|Приход|Сантехника|Муфта мет Ø40|9,00|29,00|0,00|
20.03.2018|Приход|Сантехника|Муфта мет Ø50|18,00|32,00|0,00|
20.03.2018|Приход|Сантехника|Муфта с накид гай 20х1,2|6,00|21,00|0,00|
20.03.2018|Приход|Сантехника|Муфта с накид гай 20х3,4|4,00|68,00|0,00|
20.03.2018|Приход|Сантехника|Муфта с накид гай 25/1,2|7,00|23,00|0,00|
20.03.2018|Приход|Сантехника|Муфта с накид гай 25/3,4|12,00|25,00|0,00|
20.03.2018|Приход|Сантехника|Муфта соед 110|10,00|44,00|0,00|
20.03.2018|Приход|Сантехника|Муфта Ø15 корот мет|8,00|6,00|0,00|
20.03.2018|Приход|Сантехника|Муфта Ø20 корот мет|9,00|7,00|0,00|
20.03.2018|Приход|Сантехника|Муфта Ø25 корот мет|9,00|10,50|0,00|
20.03.2018|Приход|Сантехника|Муфта Ø32 корот мет|11,00|13,00|0,00|
20.03.2018|Приход|Сантехника|Муфта Ø40 корот мет|7,00|29,00|0,00|
20.03.2018|Приход|Сантехника|Муфта Ø50 корот мет|9,00|32,00|0,00|
20.03.2018|Приход|Сантехника|Муфта110|20,00|27,90|0,00|
20.03.2018|Приход|Сантехника|Навесы мебельные|36,00|9,50|0,00|
20.03.2018|Приход|Сантехника|Навесы форточки 30 мм|33,00|3,00|0,00|
20.03.2018|Приход|Сантехника|Навесы форточки 40 мм|17,00|4,00|0,00|
20.03.2018|Приход|Сантехника|Навесы форточки 50 мм|71,00|3,50|0,00|
20.03.2018|Приход|Сантехника|Навесы форточки 60 мм|24,00|6,00|0,00|
20.03.2018|Приход|Сантехника|Нипель ¾ Н лат|11,00|11,00|0,00|
20.03.2018|Приход|Сантехника|Нипель ¾ НН лат|29,00|7,00|0,00|
20.03.2018|Приход|Сантехника|Нипель ¾ НН лат усилен|13,00|12,00|0,00|
20.03.2018|Приход|Сантехника|Обычная воронка|2,00|55,00|0,00|
20.03.2018|Приход|Сантехника|Обычная воронка|2,00|55,00|0,00|
20.03.2018|Приход|Сантехника|Отвод|2,00|35,00|0,00|
20.03.2018|Приход|Сантехника|Отвод короткий|1,00|52,00|0,00|
20.03.2018|Приход|Сантехника|Отвод резьбовый 20|1,00|16,00|0,00|
20.03.2018|Приход|Сантехника|Отвод резьбовый 25|1,00|21,00|0,00|
20.03.2018|Приход|Сантехника|Отвод угловой|1,00|82,00|0,00|
20.03.2018|Приход|Сантехника|Отдушина 110|2,00|77,50|0,00|
20.03.2018|Приход|Сантехника|Отдушина 50|5,00|32,00|0,00|
20.03.2018|Приход|Сантехника|Отлив крашен Ø150|1,00|94,00|0,00|
20.03.2018|Приход|Сантехника|Отлив крашеный 150 мм|7,00|94,00|0,00|
20.03.2018|Приход|Сантехника|Отлив оцинк 100 мм|6,00|63,00|0,00|
20.03.2018|Приход|Сантехника|Отлив оцинк 150 мм|12,00|85,00|0,00|
20.03.2018|Приход|Сантехника|Отлив оцинков Ø100|1,00|63,00|0,00|
20.03.2018|Приход|Сантехника|Отлив оцинков Ø150|1,00|85,00|0,00|
20.03.2018|Приход|Сантехника|Оцинкованный лист 0,3 мм|2,00|175,00|0,00|
20.03.2018|Приход|Сантехника|Оцинкованный лист 0,4 мм|5,00|225,00|0,00|
20.03.2018|Приход|Сантехника|П-обраст 125|69,00|5,00|0,00|
20.03.2018|Приход|Сантехника|П-обраст 125|60,00|2,50|0,00|
20.03.2018|Приход|Сантехника|Пакля (м)|6,00|10,00|0,00|
20.03.2018|Приход|Сантехника|Пара под смеситель м/п 16 -10|1,00|60,00|0,00|
20.03.2018|Приход|Сантехника|Паробарьер|12,00|12,50|0,00|
20.03.2018|Приход|Сантехника|Переход 1* В* ¼ В лат|1,00|20,00|0,00|
20.03.2018|Приход|Сантехника|Переход ½ В* ¼ Н лат|7,00|10,00|0,00|
20.03.2018|Приход|Сантехника|Переход ¾ В* ½ Нлат|9,00|10,50|0,00|
20.03.2018|Приход|Сантехника|Переход 1*В * ½ Н лат|6,00|12,50|0,00|
20.03.2018|Приход|Сантехника|Переход 1*В* ½ В|8,00|12,50|0,00|
20.03.2018|Приход|Сантехника|Переход 1*В* ¾ В лат|3,00|20,00|0,00|
20.03.2018|Приход|Сантехника|Переход 1*В* ¾ Н лат|7,00|17,00|0,00|
20.03.2018|Приход|Сантехника|Переход 1*Н* ½ В лат|6,00|12,50|0,00|
20.03.2018|Приход|Сантехника|Переход 1*Н* ½ Н лат|13,00|12,50|0,00|
20.03.2018|Приход|Сантехника|Переход 1*Н* ¾ В лат|8,00|12,00|0,00|
20.03.2018|Приход|Сантехника|Переход 1*Н* ¾ лН ла|9,00|12,50|0,00|
20.03.2018|Приход|Сантехника|Переход 1*Н*1Н лат|8,00|17,00|0,00|
20.03.2018|Приход|Сантехника|Переход 25х20|23,00|2,50|0,00|
20.03.2018|Приход|Сантехника|Переход 25х32|19,00|4,00|0,00|
20.03.2018|Приход|Сантехника|Переход ¾ В* ½ В|7,00|12,50|0,00|
20.03.2018|Приход|Сантехника|Переход ¾ Н* ½ В лат|9,00|10,00|0,00|
20.03.2018|Приход|Сантехника|Переход ¾ Н* ½ Н лат|13,00|10,50|0,00|
20.03.2018|Приход|Сантехника|Переход оцинк Ø 115*100|1,00|45,00|0,00|
20.03.2018|Приход|Сантехника|Перф фасад 2,5м|23,00|16,50|0,00|
20.03.2018|Приход|Сантехника|Перф фасад 3м|39,00|20,00|0,00|
20.03.2018|Приход|Сантехника|Перф фасад метал 3м|21,00|20,00|0,00|
20.03.2018|Приход|Сантехника|Перфоугол 2,5м|75,00|9,00|0,00|
20.03.2018|Приход|Сантехника|Перфоугол арочный 2,5м|43,00|9,50|0,00|
20.03.2018|Приход|Сантехника|Перфоугол арочный 3м|13,00|12,50|0,00|
20.03.2018|Приход|Сантехника|Перфоугол мет 3м|50,00|11,00|0,00|
20.03.2018|Приход|Сантехника|Перфоугол пласм 2,5м|14,00|9,00|0,00|
20.03.2018|Приход|Сантехника|Перфоугол пласм 3м|19,00|11,00|0,00|
20.03.2018|Приход|Сантехника|Петля на замок 40х80|1,00|3,50|0,00|
20.03.2018|Приход|Сантехника|Планка мет №140Х30|1,00|7,50|0,00|
20.03.2018|Приход|Сантехника|Планка мет №160 100Х60|1,00|15,00|0,00|
20.03.2018|Приход|Сантехника|Планка мет №180 180Х60|1,00|17,00|0,00|
20.03.2018|Приход|Сантехника|Планка потолоч карн 2,5|1,00|54,00|0,00|
20.03.2018|Приход|Сантехника|Планка установ|2,00|43,00|0,00|
20.03.2018|Приход|Сантехника|Планка установ м/п 16|1,00|77,00|0,00|
20.03.2018|Приход|Сантехника|Планка установ м/п 16* ½|1,00|72,00|0,00|
20.03.2018|Приход|Сантехника|Подложка 3мм|50,00|7,00|0,00|
20.03.2018|Приход|Сантехника|Подложка под ламинат 3 мм|30,00|7,50|0,00|
20.03.2018|Приход|Сантехника|Поплавок|1,00|22,00|0,00|
20.03.2018|Приход|Сантехника|Поплавок Nova-7023|2,00|86,00|0,00|
20.03.2018|Приход|Сантехника|Правило трапеция 150|1,00|195,00|0,00|
20.03.2018|Приход|Сантехника|Правило трапеция 200|1,00|270,00|0,00|
20.03.2018|Приход|Сантехника|Пробка 32*15 лев|1,00|21,00|0,00|
20.03.2018|Приход|Сантехника|Пробка 32*15 прав|1,00|21,00|0,00|
20.03.2018|Приход|Сантехника|Пробка 32гл л|1,00|21,00|0,00|
20.03.2018|Приход|Сантехника|Пробка 32гл прав|1,00|21,00|0,00|
20.03.2018|Приход|Сантехника|Пробка в ванну пласм|1,00|5,00|0,00|
20.03.2018|Приход|Сантехника|Пробка в ванну рез бел|5,00|5,00|0,00|
20.03.2018|Приход|Сантехника|Пробка в ванну синяя|1,00|5,00|0,00|
20.03.2018|Приход|Сантехника|Прокладка парал ½|153,00|0,50|0,00|
20.03.2018|Приход|Сантехника|Прокладка парал ¾|58,00|0,65|0,00|
20.03.2018|Приход|Сантехника|Прокладка под бачек|1,00|10,00|0,00|
20.03.2018|Приход|Сантехника|Прокладка под бачек унит,|1,00|12,00|0,00|
20.03.2018|Приход|Сантехника|Прокладка рез под бачек|1,00|10,00|0,00|
20.03.2018|Приход|Сантехника|Прокладка резиновая|1,00|10,00|0,00|
20.03.2018|Приход|Сантехника|Прокладка резиновая 1'|45,00|0,65|0,00|
20.03.2018|Приход|Сантехника|Прокладка резиновая ½|90,00|0,55|0,00|
20.03.2018|Приход|Сантехника|Прокладка резиновая ¾|35,00|0,65|0,00|
20.03.2018|Приход|Сантехника|Прокладка силиконов|3,00|15,00|0,00|
20.03.2018|Приход|Сантехника|Прокладка силиконов 1'|30,00|0,55|0,00|
20.03.2018|Приход|Сантехника|Прокладка силиконов ½|140,00|0,35|0,18|
20.03.2018|Приход|Сантехника|Прокладка силиконов ¾|109,00|0,35|0,00|
20.03.2018|Приход|Сантехника|Прокладки унитаз|4,00|12,00|0,00|
20.03.2018|Приход|Сантехника|Пульки набор|2,00|45,00|0,00|
20.03.2018|Приход|Сантехника|Развальцовка труб|4,00|6,00|0,00|
20.03.2018|Приход|Сантехника|Распред с двумя выходами ¾|2,00|40,00|0,00|
20.03.2018|Приход|Сантехника|Распределитель ¾ х ½|1,00|40,00|0,00|
20.03.2018|Приход|Сантехника|Рассеиват на душ больш|5,00|12,00|0,00|
20.03.2018|Приход|Сантехника|Рассеиват на душ сред|17,00|5,00|0,00|
20.03.2018|Приход|Сантехника|Растяжка троса М-10|2,00|42,00|0,00|
20.03.2018|Приход|Сантехника|Растяжка троса М-12|2,00|48,00|0,00|
20.03.2018|Приход|Сантехника|Растяжка троса М-14|1,00|77,00|0,00|
20.03.2018|Приход|Сантехника|Растяжки троса М-16|3,00|116,00|0,00|
20.03.2018|Приход|Сантехника|Ревизия 110|3,00|49,00|0,00|
20.03.2018|Приход|Сантехника|Ревизия 50|5,00|33,00|0,00|
20.03.2018|Приход|Сантехника|Редуктор пропанов|1,00|85,00|0,00|
20.03.2018|Приход|Сантехника|Резинка уплот|6,00|6,00|0,00|
20.03.2018|Приход|Сантехника|Резинка уплот вентель ½|152,00|0,35|0,00|
20.03.2018|Приход|Сантехника|Резинка уплот гусак 1'|50,00|0,75|0,00|
20.03.2018|Приход|Сантехника|Резинка уплот гусак ½|75,00|0,45|0,00|
20.03.2018|Приход|Сантехника|Резинка уплот конусная Ø 20|17,00|2,50|0,00|
20.03.2018|Приход|Сантехника|Резинка уплот конусная Ø 25|14,00|3,00|0,00|
20.03.2018|Приход|Сантехника|Резинка уплот конусная Ø 40|1,00|6,00|0,00|
20.03.2018|Приход|Сантехника|Резинка уплот под фильтр|1,00|15,00|0,00|
20.03.2018|Приход|Сантехника|Резинка уплот под фильтр силик|12,00|15,00|0,00|
20.03.2018|Приход|Сантехника|Резинка уплот смесит|172,00|0,35|0,00|
20.03.2018|Приход|Сантехника|Резинка уплот Ø 16|150,00|0,35|0,00|
20.03.2018|Приход|Сантехника|Резинка уплот Ø 20|103,00|0,40|0,00|
20.03.2018|Приход|Сантехника|Резинка уплот Ø 32|10,00|1,50|0,00|
20.03.2018|Приход|Сантехника|Резинка уплот Ø 40|2,00|6,00|0,00|
20.03.2018|Приход|Сантехника|Резинка уплот Ø 40|5,00|1,50|0,00|
20.03.2018|Приход|Сантехника|Рем вент 125|1,00|45,00|0,00|
20.03.2018|Приход|Сантехника|Рем вент 138/138|1,00|26,00|0,00|
20.03.2018|Приход|Сантехника|Рем вент 150/126|1,00|38,00|0,00|
20.03.2018|Приход|Сантехника|Рем вент 194/194|2,00|38,00|0,00|
20.03.2018|Приход|Сантехника|Рем вент 224/249|1,00|93,00|0,00|
20.03.2018|Приход|Сантехника|Рем вент 224/249|1,00|73,50|0,00|
20.03.2018|Приход|Сантехника|Рем вент 234/234|1,00|53,00|0,00|
20.03.2018|Приход|Сантехника|Рем вент 240/170|1,00|60,00|0,00|
20.03.2018|Приход|Сантехника|Рем вент затк|1,00|19,00|0,00|
20.03.2018|Приход|Сантехника|Рем комплект оприск|2,00|30,00|0,00|
20.03.2018|Приход|Сантехника|Ремкомплект на лампу|6,00|15,00|0,00|
20.03.2018|Приход|Дом|Ручка двер молоток б|2,00|25,00|0,00|
20.03.2018|Приход|Дом|Ручка двер молоток м|2,00|20,00|0,00|
20.03.2018|Приход|Дом|Ручка дверная дюрал б|1,00|20,00|0,00|
20.03.2018|Приход|Дом|Ручка дверная дюрал м|1,00|15,00|7,74|
20.03.2018|Приход|Дом|Ручка дверная кованая ровн|2,00|42,00|0,00|
20.03.2018|Приход|Дом|Ручка дверная ляда|1,00|16,00|0,00|
20.03.2018|Приход|Дом|Ручка дверная металл|2,00|3,50|0,00|
20.03.2018|Приход|Дом|Ручка дверная молот|1,00|70,00|0,00|
20.03.2018|Приход|Дом|Ручка дверная молот|1,00|60,00|0,00|
20.03.2018|Приход|Дом|Ручка дверная молот|2,00|25,00|0,00|
20.03.2018|Приход|Дом|Ручка дверная молоток (м)|1,00|20,00|0,00|
20.03.2018|Приход|Дом|Ручка дверная молоток б|2,00|20,00|0,00|
20.03.2018|Приход|Дом|Ручка дверная с замком|12,00|80,00|52,02|
20.03.2018|Приход|Дом|Ручка защелка AVERS|1,00|150,00|0,00|
20.03.2018|Приход|Дом|Ручка кованные|2,00|42,00|0,00|
20.03.2018|Приход|Дом|Ручка межкомн|2,00|85,00|0,00|
20.03.2018|Приход|Дом|Ручка межкомн Зефирка|7,00|50,00|0,00|
20.03.2018|Приход|Дом|Ручка межкомн Арико|1,00|80,00|52,22|
20.03.2018|Приход|Дом|Ручка межкомн дер|3,00|35,00|0,00|
20.03.2018|Приход|Дом|Ручка межкомн мет зефирка|5,00|50,00|0,00|
20.03.2018|Приход|Дом|Ручка межкомн молоток|5,00|53,00|0,00|
20.03.2018|Приход|Дом|Ручка межкомн Софин|1,00|250,00|0,00|
20.03.2018|Приход|Дом|Ручка межкомн тандем|5,00|82,00|0,00|
20.03.2018|Приход|Дом|Ручка межкомн FZB|7,00|200,00|0,00|
20.03.2018|Приход|Сантехника|Ручка на гранбуксу|1,00|27,50|0,00|
20.03.2018|Приход|Сантехника|Ручка на гранбуксу|6,00|27,50|0,00|
20.03.2018|Приход|Дом|Ручка на двери мет|2,00|225,00|0,00|
20.03.2018|Приход|Сантехника|Ручка на кран 35|1,00|40,00|0,00|
20.03.2018|Приход|Сантехника|Ручка на планке молоток|1,00|85,00|0,00|
20.03.2018|Приход|Сантехника|Ручка на смесит квадрат|4,00|25,00|0,00|
20.03.2018|Приход|Сантехника|Ручка на смесит круглая|3,00|20,00|0,00|
20.03.2018|Приход|Дом|Ручка Футбол|1,00|85,00|0,00|
20.03.2018|Приход|Дом|Ручки меж F2B|6,00|200,00|0,00|
20.03.2018|Приход|Дом|Ручки на мет двери|1,00|225,00|0,00|
20.03.2018|Приход|Сантехника|Сажотруска железо|14,00|20,00|0,00|
20.03.2018|Приход|Сантехника|Сажотруска нерж|7,00|60,00|0,00|
20.03.2018|Приход|Сантехника|Сгон длин мет с резьбой Ø15|5,00|8,00|0,00|
20.03.2018|Приход|Сантехника|Сгон длин мет с резьбой Ø20|7,00|9,50|0,00|
20.03.2018|Приход|Сантехника|Сгон длин мет с резьбой Ø25|7,00|10,50|0,00|
20.03.2018|Приход|Сантехника|Сгон длин мет с резьбой Ø32|9,00|12,00|0,00|
20.03.2018|Приход|Сантехника|Сгон длин мет с резьбой Ø40|10,00|14,00|0,00|
20.03.2018|Приход|Сантехника|Сгон длин мет с резьбой Ø50|3,00|21,00|0,00|
20.03.2018|Приход|Сантехника|Сгон корот с резьбой Ø15|10,00|6,00|0,00|
20.03.2018|Приход|Сантехника|Сгон корот с резьбой Ø20|18,00|4,25|0,00|
20.03.2018|Приход|Сантехника|Сгон корот с резьбой Ø25|20,00|5,25|0,00|
20.03.2018|Приход|Сантехника|Сгон корот с резьбой Ø32|19,00|7,85|0,00|
20.03.2018|Приход|Сантехника|Сгон корот с резьбой Ø40|19,00|10,00|0,00|
20.03.2018|Приход|Сантехника|Сгон корот с резьбой Ø50|19,00|12,00|0,00|
20.03.2018|Приход|Сантехника|Сгон с дл резьбой Ø15|16,00|3,50|0,00|
20.03.2018|Приход|Сантехника|Сгон с дл резьбой Ø20|18,00|4,25|0,00|
20.03.2018|Приход|Сантехника|Сгон с дл резьбой Ø25|17,00|5,25|0,00|
20.03.2018|Приход|Сантехника|Сгон с дл резьбой Ø32|17,00|7,85|0,00|
20.03.2018|Приход|Сантехника|Сгон с дл резьбой Ø40|13,00|10,00|0,00|
20.03.2018|Приход|Сантехника|Сгон с дл резьбой Ø50|18,00|12,00|0,00|
20.03.2018|Приход|Сантехника|Сгон с резьбой Ø15|12,00|8,00|0,00|
20.03.2018|Приход|Сантехника|Сгон с резьбой Ø20|14,00|9,50|0,00|
20.03.2018|Приход|Сантехника|Сгон с резьбой Ø25|16,00|11,50|0,00|
20.03.2018|Приход|Сантехника|Сгон с резьбой Ø32|17,00|15,00|0,00|
20.03.2018|Приход|Сантехника|Сгон с резьбой Ø40|14,00|19,00|0,00|
20.03.2018|Приход|Сантехника|Сгон с резьбой Ø50|20,00|26,00|0,00|
20.03.2018|Приход|Сантехника|Сетка в евросифон|2,00|43,00|0,00|
20.03.2018|Приход|Сантехника|Сетка рифленный отбойник|5,00|25,00|0,00|
20.03.2018|Приход|Сантехника|Сеточка в мойку|5,00|7,50|0,00|
20.03.2018|Приход|Сантехника|Сеточка в мойку пл|7,00|1,50|0,00|
20.03.2018|Приход|Сантехника|Сеточка в раковину пласм|1,00|1,50|0,00|
20.03.2018|Приход|Сантехника|Сифон Nova 1050|2,00|57,00|0,00|
20.03.2018|Приход|Сантехника|Сифон Nova 1061|1,00|92,00|0,00|
20.03.2018|Приход|Сантехника|Сифон 1060 Nova|1,00|74,00|0,00|
20.03.2018|Приход|Сантехника|Сифон ванна мет вып|6,00|77,00|0,00|
20.03.2018|Приход|Сантехника|Сифон ванна пласм выпуск|2,00|64,00|0,00|
20.03.2018|Приход|Сантехника|Сифон ванна пласт вып|1,00|62,00|0,00|
20.03.2018|Приход|Сантехника|Сифон Д-02 Flat Steam|2,00|65,00|0,00|
20.03.2018|Приход|Сантехника|Сифон куки В1045|1,00|260,00|0,00|
20.03.2018|Приход|Сантехника|Сифон М-02|2,00|215,00|0,00|
20.03.2018|Приход|Сантехника|Сифон мойка мет вып|4,00|65,00|0,00|
20.03.2018|Приход|Сантехника|Сифон мойка пласт вып|1,00|44,00|0,00|
20.03.2018|Приход|Сантехника|Сифон резинка Ø32|10,00|5,50|0,00|
20.03.2018|Приход|Сантехника|Сифон тюльпан LN 01.01|2,00|42,00|0,00|
20.03.2018|Приход|Сантехника|Сифон тюльпан LN 03.01|1,00|67,00|0,00|
20.03.2018|Приход|Сантехника|Сифон CV-01 эконом|1,00|73,00|0,00|
20.03.2018|Приход|Сантехника|Сифон D-01|1,00|65,00|0,00|
20.03.2018|Приход|Сантехника|Сифон LN -02.01 тюл ульт|1,00|62,00|40,37|
20.03.2018|Приход|Сантехника|Сифон Solo Plast P 0110|1,00|127,00|0,00|
20.03.2018|Приход|Сантехника|Сифон SV -01 эконом|1,00|73,00|0,00|
20.03.2018|Приход|Сантехника|Сифон SV-02 Ультра +|1,00|115,00|0,00|
20.03.2018|Приход|Сантехника|Скоба|27,00|16,00|0,00|
20.03.2018|Приход|Сантехника|Скоба на замок кровельн|33,00|7,00|0,00|
20.03.2018|Приход|Сантехника|Скоба на замок кровельн 40*80|4,00|3,50|0,00|
20.03.2018|Приход|Сантехника|Скоба на замок кровельн 40*80|25,00|3,00|0,00|
20.03.2018|Приход|Сантехника|Скоба под замок|16,00|2,50|0,00|
20.03.2018|Приход|Сантехника|Скоба угловая боль|8,00|7,50|0,00|
20.03.2018|Приход|Сантехника|Скоба угловая мал|47,00|2,50|0,00|
20.03.2018|Приход|Сантехника|Скоба угловая ср|11,00|3,50|0,00|
20.03.2018|Приход|Сантехника|Скоба №2|26,00|1,00|0,00|
20.03.2018|Приход|Сантехника|Скоба №3|25,00|1,50|0,00|
20.03.2018|Приход|Сантехника|Смеситель ванна 6083-404|1,00|675,00|0,00|
20.03.2018|Приход|Сантехника|Смеситель ванна МАРС 006|1,00|725,00|0,00|
20.03.2018|Приход|Сантехника|Смеситель ванна Мастер|1,00|335,00|0,00|
20.03.2018|Приход|Сантехника|Смеситель ванна премиум|1,00|495,00|0,00|
20.03.2018|Приход|Сантехника|Смеситель ванна Armalura 146|1,00|470,00|0,00|
20.03.2018|Приход|Сантехника|Смеситель ванна Cosmos|1,00|775,00|0,00|
20.03.2018|Приход|Сантехника|Смеситель ванна Cosmos 006|1,00|775,00|0,00|
20.03.2018|Приход|Сантехника|Смеситель ванна Gromix|1,00|375,00|0,00|
20.03.2018|Приход|Сантехника|Смеситель ванна Gromix|1,00|275,00|0,00|
20.03.2018|Приход|Сантехника|Смеситель ванна Mars 003|1,00|505,00|0,00|
20.03.2018|Приход|Сантехника|Смеситель ванна MARS-yxo|1,00|370,00|0,00|
20.03.2018|Приход|Сантехника|Смеситель ванна MF 146|1,00|735,00|0,00|
20.03.2018|Приход|Сантехника|Смеситель ванна SMES 142|1,00|735,00|0,00|
20.03.2018|Приход|Сантехника|Смеситель ванна Smes 143|1,00|595,00|0,00|
20.03.2018|Приход|Сантехника|Смеситель ванна Villa 143|1,00|675,00|0,00|
20.03.2018|Приход|Сантехника|Смеситель ванна Violot 009|1,00|600,00|0,00|
20.03.2018|Приход|Сантехника|Смеситель кухня мастер 269|1,00|100,00|0,00|
20.03.2018|Приход|Сантехника|Смеситель кухня 6061-401|1,00|450,00|0,00|
20.03.2018|Приход|Сантехника|Смеситель кухня арматура 271|1,00|250,00|0,00|
20.03.2018|Приход|Сантехника|Смеситель кухня КИА-017|1,00|415,00|0,00|
20.03.2018|Приход|Сантехника|Смеситель кухня КИА-275|1,00|405,00|0,00|
20.03.2018|Приход|Сантехника|Смеситель кухня КТВ|1,00|350,00|0,00|
20.03.2018|Приход|Сантехника|Смеситель кухня марс 011|2,00|325,00|0,00|
20.03.2018|Приход|Сантехника|Смеситель кухня мастер 269|3,00|100,00|0,00|
20.03.2018|Приход|Сантехника|Смеситель кухня мастер 555|1,00|145,00|0,00|
20.03.2018|Приход|Сантехника|Смеситель кухня титан|1,00|800,00|0,00|
20.03.2018|Приход|Сантехника|Смеситель кухня Armatura|1,00|250,00|0,00|
20.03.2018|Приход|Сантехника|Смеситель кухня Fero|2,00|155,00|0,00|
20.03.2018|Приход|Сантехника|Смеситель кухня Fero 01|1,00|155,00|0,00|
20.03.2018|Приход|Сантехника|Смеситель кухня Fero-004|1,00|265,00|0,00|
20.03.2018|Приход|Сантехника|Смеситель кухня Gromix-004|1,00|195,00|0,00|
20.03.2018|Приход|Сантехника|Смеситель кухня Gromix-004 кор|1,00|185,00|0,00|
20.03.2018|Приход|Сантехника|Смеситель кухня Gromix-011|1,00|240,00|0,00|
20.03.2018|Приход|Сантехника|Смеситель кухня Mars-011|1,00|325,00|0,00|
20.03.2018|Приход|Сантехника|Смеситель кухня Mars-011|1,00|145,00|0,00|
20.03.2018|Приход|Сантехника|Смеситель кухня Master-271|1,00|130,00|0,00|
20.03.2018|Приход|Сантехника|Смеситель кухня Smes 269|1,00|255,00|0,00|
20.03.2018|Приход|Сантехника|Смеситель кухня Smes 271|1,00|315,00|0,00|
20.03.2018|Приход|Сантехника|Смеситель кухня Smes 273|1,00|350,00|0,00|
20.03.2018|Приход|Сантехника|Смеситель кухня SMES-161|1,00|465,00|0,00|
20.03.2018|Приход|Сантехника|Смеситель кухня SMES-271|1,00|315,00|0,00|
20.03.2018|Приход|Сантехника|Смеситель кухня Titana 007|1,00|800,00|0,00|
20.03.2018|Приход|Сантехника|Смеситель Луна прав ремкомплект|5,00|11,00|0,00|
20.03.2018|Приход|Сантехника|Смеситель удлинит силик|1,00|155,00|0,00|
20.03.2018|Приход|Сантехника|Смеситель удлинит Ferro|1,00|95,00|0,00|
20.03.2018|Приход|Сантехника|Смеситель удлинит Ferro|1,00|75,00|0,00|
20.03.2018|Приход|Сантехника|Смеситель удлинит Ferro|1,00|45,00|0,00|
20.03.2018|Приход|Сантехника|Смеситель удлинит Zerix1,5м|1,00|98,00|0,00|
20.03.2018|Приход|Сантехника|Смеситель удлинит Zerix1,5м|1,00|45,00|0,00|
20.03.2018|Приход|Сантехника|Смеситель удлинит Zerix1,75м|1,00|115,00|0,00|
20.03.2018|Приход|Сантехника|Смеситель удлинит Zerix1,75м|1,00|90,00|0,00|
20.03.2018|Приход|Сантехника|Соединение 5мм|50,00|8,00|0,00|
20.03.2018|Приход|Сантехника|Соединение 8мм|16,00|11,00|0,00|
20.03.2018|Приход|Сантехника|Соединит с резьбой ½|5,00|3,00|0,00|
20.03.2018|Приход|Сантехника|Соединит с резьбой ¾|9,00|3,50|0,00|
20.03.2018|Приход|Сантехника|Соединитель полив ¾|49,00|3,50|0,00|
20.03.2018|Приход|Сантехника|Соединитель универ|1,00|63,00|0,00|
20.03.2018|Приход|Сантехника|Старт полоса 5|47,00|6,00|0,00|
20.03.2018|Приход|Сантехника|Старт полоса 8 бел|20,00|7,00|0,00|
20.03.2018|Приход|Сантехника|Старт полоса 8 кор|22,00|8,00|0,00|
20.03.2018|Приход|Сантехника|Термоусадка 10/5|7,00|8,00|0,00|
20.03.2018|Приход|Сантехника|Термоусадка 12/6|6,00|12,00|0,00|
20.03.2018|Приход|Сантехника|Термоусадка 2/1|6,00|6,00|0,00|
20.03.2018|Приход|Сантехника|Термоусадка 2/1|4,00|5,00|0,00|
20.03.2018|Приход|Сантехника|Термоусадка 3/1,5|4,00|4,00|0,00|
20.03.2018|Приход|Сантехника|Термоусадка 4/2|9,00|5,00|0,00|
20.03.2018|Приход|Сантехника|Термоусадка 5/2,5|18,00|6,00|0,00|
20.03.2018|Приход|Сантехника|Термоусадка 8/4|6,00|7,00|0,00|
20.03.2018|Приход|Сантехника|Термоусадка 8/4|25,00|6,00|0,00|
20.03.2018|Приход|Сантехника|Термоусадка Ø 8 набор|1,00|6,25|0,00|
20.03.2018|Приход|Сантехника|Трап канализац 50 белый|1,00|32,00|0,00|
20.03.2018|Приход|Сантехника|Трап канализац 110 белый|1,00|77,50|0,00|
20.03.2018|Приход|Сантехника|Трап канализац 50 боков|1,00|32,00|0,00|
20.03.2018|Приход|Сантехника|Трещетка реверс|1,00|105,00|0,00|
20.03.2018|Приход|Сантехника|Тройник ¾ * ½|27,00|5,00|0,00|
20.03.2018|Приход|Сантехника|Тройник м/п Ø16* ½ Н*16|1,00|33,00|0,00|
20.03.2018|Приход|Сантехника|Тройник м/п Ø16* 16*16|1,00|41,00|0,00|
20.03.2018|Приход|Сантехника|Тройник м/п Ø20* ½ В*20 Ø20* ½ н*20|2,00|52,00|0,00|
20.03.2018|Приход|Сантехника|Тройник м/п Ø20* 16*20|1,00|55,00|0,00|
20.03.2018|Приход|Сантехника|Тройник м/п Ø20* 20*20|1,00|59,00|0,00|
20.03.2018|Приход|Сантехника|Тройник м/п Ø20* 3/4 В*20 Ø20* ¾ н*20|2,00|58,00|0,00|
20.03.2018|Приход|Сантехника|Тройник м/п Ø20*16*16|1,00|67,00|0,00|
20.03.2018|Приход|Сантехника|Тройник ½ В*½ В*½ Н лат|6,00|15,50|0,00|
20.03.2018|Приход|Сантехника|Тройник ½ В*½Н*½ В лат|11,00|15,50|0,00|
20.03.2018|Приход|Сантехника|Тройник ½ ВВВ лат|7,00|15,50|0,00|
20.03.2018|Приход|Сантехника|Тройник ½ Н*½ В*½ Н лат|14,00|15,50|0,00|
20.03.2018|Приход|Сантехника|Тройник ½ Н*½ Н*½ В лат|9,00|15,50|0,00|
20.03.2018|Приход|Сантехника|Тройник ½ ННН лат|4,00|16,00|0,00|
20.03.2018|Приход|Сантехника|Тройник 110 левый с отвод|5,00|30,00|0,00|
20.03.2018|Приход|Сантехника|Тройник 110 правый с отвод|9,00|30,00|0,00|
20.03.2018|Приход|Сантехника|Тройник 110/900|8,00|35,00|0,00|
20.03.2018|Приход|Сантехника|Тройник 20/20/20|86,00|5,00|0,00|
20.03.2018|Приход|Сантехника|Тройник 20/25/25|13,00|8,50|0,00|
20.03.2018|Приход|Сантехника|Тройник 200 оцинк|1,00|120,00|0,00|
20.03.2018|Приход|Сантехника|Тройник 20х1/2 в х20|11,00|24,50|0,00|
20.03.2018|Приход|Сантехника|Тройник 20х1/2 вх20|7,00|19,50|0,00|
20.03.2018|Приход|Сантехника|Тройник 20х1/2 н х20|5,00|24,50|0,00|
20.03.2018|Приход|Сантехника|Тройник 20х1/2 нх20|13,00|21,00|0,00|
20.03.2018|Приход|Сантехника|Тройник 20х20х20|9,00|26,50|0,00|
20.03.2018|Приход|Сантехника|Тройник 20х3/4 в х20|12,00|25,00|0,00|
20.03.2018|Приход|Сантехника|Тройник 20х3/4 н х20|13,00|25,00|0,00|
20.03.2018|Приход|Сантехника|Тройник 25/20/25|47,00|7,50|0,00|
20.03.2018|Приход|Сантехника|Тройник 25/25/25|69,00|8,00|0,00|
20.03.2018|Приход|Сантехника|Тройник 25х1 в х25|4,00|25,00|0,00|
20.03.2018|Приход|Сантехника|Тройник 25х1 н х25|5,00|25,00|0,00|
20.03.2018|Приход|Сантехника|Тройник 25х1/2 в х25|13,00|23,00|0,00|
20.03.2018|Приход|Сантехника|Тройник 25х1/2 вх25|10,00|22,00|0,00|
20.03.2018|Приход|Сантехника|Тройник 25х1/2 н х25|7,00|23,00|0,00|
20.03.2018|Приход|Сантехника|Тройник 25х1/2 нх25|4,00|23,50|0,00|
20.03.2018|Приход|Сантехника|Тройник 25х20х25|11,00|30,00|0,00|
20.03.2018|Приход|Сантехника|Тройник 25х25х25|9,00|24,00|0,00|
20.03.2018|Приход|Сантехника|Тройник 25х3/4 в х25|7,00|24,00|0,00|
20.03.2018|Приход|Сантехника|Тройник 25х3/4 вх25|4,00|22,00|0,00|
20.03.2018|Приход|Сантехника|Тройник 25х3/4 н х25|11,00|24,00|0,00|
20.03.2018|Приход|Сантехника|Тройник 25х3/4 нх25|2,00|23,00|0,00|
20.03.2018|Приход|Сантехника|Тройник ¾ В х ½ В х ¾ В лат|5,00|25,00|0,00|
20.03.2018|Приход|Сантехника|Тройник ¾ В х ½ Н х ¾ В лат|13,00|25,00|0,00|
20.03.2018|Приход|Сантехника|Тройник ¾ В х ¾ Н х ¾ В лат|6,00|27,00|0,00|
20.03.2018|Приход|Сантехника|Тройник ¾ НННлат|9,00|27,00|0,00|
20.03.2018|Приход|Сантехника|Тройник ¾ ВВВ лат|18,00|25,00|0,00|
20.03.2018|Приход|Сантехника|Тройник ¾ ННН лат|5,00|27,00|0,00|
20.03.2018|Приход|Сантехника|Тройник 32х1 1,4 н|2,00|26,00|0,00|
20.03.2018|Приход|Сантехника|Тройник 32х1/2 в х32|4,00|29,50|0,00|
20.03.2018|Приход|Сантехника|Тройник 32х1/2 н х32|6,00|29,50|0,00|
20.03.2018|Приход|Сантехника|Тройник 32х1х32 в|2,00|31,50|0,00|
20.03.2018|Приход|Сантехника|Тройник 32х1х32 н|2,00|31,50|0,00|
20.03.2018|Приход|Сантехника|Тройник 32х20х32|2,00|31,00|0,00|
20.03.2018|Приход|Сантехника|Тройник 32х25х32|1,00|32,50|0,00|
20.03.2018|Приход|Сантехника|Тройник 32х3/4 в х32|1,00|31,00|0,00|
20.03.2018|Приход|Сантехника|Тройник 32х3/4 н х32|6,00|29,50|0,00|
20.03.2018|Приход|Сантехника|Тройник 32х32х32|9,00|36,00|0,00|
20.03.2018|Приход|Сантехника|Тройник 50/46|18,00|15,00|0,00|
20.03.2018|Приход|Сантехника|Тройник 50/90|9,00|15,00|0,00|
20.03.2018|Приход|Сантехника|Тройник м/п 20* 16*20|8,00|55,00|0,00|
20.03.2018|Приход|Сантехника|Тройник м/п 16* ½ В* 17|8,00|33,00|0,00|
20.03.2018|Приход|Сантехника|Тройник м/п 16* ½ Н* 16|6,00|33,00|0,00|
20.03.2018|Приход|Сантехника|Тройник м/п 16*16*16|9,00|41,00|0,00|
20.03.2018|Приход|Сантехника|Тройник нержав Ø120|1,00|182,00|0,00|
20.03.2018|Приход|Сантехника|Тройник оцинк Ø 100|11,00|119,00|0,00|
20.03.2018|Приход|Сантехника|Тройник оцинк Ø 110|1,00|68,00|0,00|
20.03.2018|Приход|Сантехника|Тройник оцинк Ø 115|4,00|123,00|0,00|
20.03.2018|Приход|Сантехника|Тройник оцинк Ø 120|5,00|125,00|82,88|
20.03.2018|Приход|Сантехника|Тройник оцинк Ø 125|5,00|130,00|0,00|
20.03.2018|Приход|Сантехника|Тройник оцинк Ø 130|3,00|130,00|0,00|
20.03.2018|Приход|Сантехника|Тройник оцинк Ø 135|1,00|132,00|0,00|
20.03.2018|Приход|Сантехника|Тройник оцинк Ø 150|3,00|142,00|0,00|
20.03.2018|Приход|Сантехника|Тройник оцинк Ø 150|1,00|90,00|0,00|
20.03.2018|Приход|Сантехника|Тройник пластик ¾|1,00|18,00|0,00|
20.03.2018|Приход|Сантехника|Тройник с отвод 110/45|3,00|30,00|0,00|
20.03.2018|Приход|Сантехника|Тройник чугун 15|1,00|16,00|0,00|
20.03.2018|Приход|Сантехника|Тройник чугун 20|1,00|21,00|0,00|
20.03.2018|Приход|Сантехника|Тройник чугун 32|1,00|68,00|0,00|
20.03.2018|Приход|Сантехника|Тройник чугун 40|1,00|85,00|0,00|
20.03.2018|Приход|Сантехника|Тройник чугун 50|1,00|114,00|0,00|
20.03.2018|Приход|Сантехника|Тройник чугун Ø15|1,00|16,00|0,00|
20.03.2018|Приход|Сантехника|Тройник чугун Ø20|9,00|21,00|0,00|
20.03.2018|Приход|Сантехника|Тройник чугун Ø25|2,00|29,00|0,00|
20.03.2018|Приход|Сантехника|Тройник чугун Ø32|2,00|68,00|0,00|
20.03.2018|Приход|Сантехника|Тройник чугун Ø40|4,00|85,00|0,00|
20.03.2018|Приход|Сантехника|Тройник чугун Ø50|2,00|114,00|0,00|
20.03.2018|Приход|Сантехника|Тройник110*50*110|6,00|50,00|0,00|
20.03.2018|Приход|Сантехника|Тройник110/45|16,00|35,00|0,00|
20.03.2018|Приход|Сантехника|Трос для прог труб 3 м Technics|1,00|65,00|0,00|
20.03.2018|Приход|Сантехника|Трос Ø 2,5|21,50|5,00|0,00|
20.03.2018|Приход|Сантехника|Трос Ø 5|41,00|10,00|0,00|
20.03.2018|Приход|Сантехника|Труба 0,5 м Ø100|7,00|36,00|0,00|
20.03.2018|Приход|Сантехника|Труба 0,5 м Ø110|8,00|42,50|0,00|
20.03.2018|Приход|Сантехника|Труба 0,5 м Ø115|7,00|40,00|0,00|
20.03.2018|Приход|Сантехника|Труба 0,5 м Ø120|6,00|45,00|0,00|
20.03.2018|Приход|Сантехника|Труба 0,5 м Ø125|5,00|46,00|0,00|
20.03.2018|Приход|Сантехника|Труба 0,5 м Ø130|5,00|47,00|0,00|
20.03.2018|Приход|Сантехника|Труба 0,5 м Ø135|4,00|48,00|0,00|
20.03.2018|Приход|Сантехника|Труба 0,5 м Ø140|3,00|49,00|0,00|
20.03.2018|Приход|Сантехника|Труба 0,5 м Ø150|4,00|51,00|0,00|
20.03.2018|Приход|Сантехника|Труба 0,5 м Ø200|4,00|72,00|0,00|
20.03.2018|Приход|Сантехника|Труба 1 м Ø100|8,00|76,00|46,53|
20.03.2018|Приход|Сантехника|Труба 1 м Ø110|10,00|88,00|60,53|
20.03.2018|Приход|Сантехника|Труба 1 м Ø120|10,00|79,00|0,00|
20.03.2018|Приход|Сантехника|Труба 1 м Ø125|4,00|86,50|0,00|
20.03.2018|Приход|Сантехника|Труба 1 м Ø130|9,00|92,00|0,00|
20.03.2018|Приход|Сантехника|Труба 1 м Ø135|8,00|94,00|0,00|
20.03.2018|Приход|Сантехника|Труба 1 м Ø140|4,00|99,00|0,00|
20.03.2018|Приход|Сантехника|Труба 1 м Ø150|7,00|100,50|0,00|
20.03.2018|Приход|Сантехника|Труба 1 м Ø200|5,00|145,00|0,00|
20.03.2018|Приход|Сантехника|Труба 110*0,3|10,00|27,00|0,00|
20.03.2018|Приход|Сантехника|Труба 110/0,5|10,00|35,00|0,00|
20.03.2018|Приход|Сантехника|Труба 110/1|10,00|58,00|0,00|
20.03.2018|Приход|Сантехника|Труба 110/2|14,00|96,00|0,00|
20.03.2018|Приход|Сантехника|Труба 110/3|12,00|152,00|0,00|
20.03.2018|Приход|Сантехника|Труба 50/0,3|4,00|15,50|0,00|
20.03.2018|Приход|Сантехника|Труба 50/0,5|11,00|18,00|0,00|
20.03.2018|Приход|Сантехника|Труба 50/1|8,00|27,00|0,00|
20.03.2018|Приход|Сантехника|Труба 50/2|13,00|54,00|0,00|
20.03.2018|Приход|Сантехника|Труба 50/3|3,00|77,00|0,00|
20.03.2018|Приход|Сантехника|Труба асбест 150|2,00|425,00|0,00|
20.03.2018|Приход|Сантехника|Труба вода Ø20 синяя|84,00|8,00|0,00|
20.03.2018|Приход|Сантехника|Труба вода Ø20 черная|46,00|5,50|0,00|
20.03.2018|Приход|Сантехника|Труба вода Ø25 синяя|127,00|9,50|0,00|
20.03.2018|Приход|Сантехника|Труба вода Ø25 черная|53,00|7,50|0,00|
20.03.2018|Приход|Сантехника|Труба вода Ø32 синяя|73,00|11,00|0,00|
20.03.2018|Приход|Сантехника|Труба вода Ø32 черная|154,00|10,00|0,00|
20.03.2018|Приход|Сантехника|Труба гибкая 40х50 ½|4,00|38,00|0,00|
20.03.2018|Приход|Сантехника|Труба деш Ø100|2,00|25,00|0,00|
20.03.2018|Приход|Сантехника|Труба деш Ø150|2,00|34,00|0,00|
20.03.2018|Приход|Сантехника|Труба кан белая d32|3,00|7,50|0,00|
20.03.2018|Приход|Сантехника|Труба металлопластик 20|71,00|23,50|0,00|
20.03.2018|Приход|Сантехника|Труба нерж Ø120|1,00|198,50|0,00|
20.03.2018|Приход|Сантехника|Труба нерж Ø150|1,00|396,00|0,00|
20.03.2018|Приход|Сантехника|Труба оцинк 0,5 м|1,00|72,00|0,00|
20.03.2018|Приход|Сантехника|Труба оцинк 0,5 м|1,00|51,00|0,00|
20.03.2018|Приход|Сантехника|Труба оцинк 0,5 м|1,00|49,00|0,00|
20.03.2018|Приход|Сантехника|Труба оцинк 0,5 м|1,00|48,00|0,00|
20.03.2018|Приход|Сантехника|Труба оцинк 0,5 м|1,00|47,00|0,00|
20.03.2018|Приход|Сантехника|Труба оцинк 0,5 м|1,00|46,00|0,00|
20.03.2018|Приход|Сантехника|Труба оцинк 0,5 м|1,00|45,00|0,00|
20.03.2018|Приход|Сантехника|Труба оцинк 0,5 м|1,00|42,50|0,00|
20.03.2018|Приход|Сантехника|Труба оцинк 0,5 м|1,00|40,00|0,00|
20.03.2018|Приход|Сантехника|Труба оцинк 1 м|1,00|145,00|0,00|
20.03.2018|Приход|Сантехника|Труба оцинк 1 м|1,00|100,50|0,00|
20.03.2018|Приход|Сантехника|Труба оцинк 1 м|1,00|99,00|0,00|
20.03.2018|Приход|Сантехника|Труба оцинк 1 м|1,00|94,00|0,00|
20.03.2018|Приход|Сантехника|Труба оцинк 1 м|1,00|92,00|0,00|
20.03.2018|Приход|Сантехника|Труба оцинк 1 м|1,00|87,00|0,00|
20.03.2018|Приход|Сантехника|Труба оцинк 1 м|1,00|86,50|0,00|
20.03.2018|Приход|Сантехника|Труба оцинк 1 м|1,00|79,00|0,00|
20.03.2018|Приход|Сантехника|Труба оцинк 1 м|1,00|76,00|0,00|
20.03.2018|Приход|Сантехника|Труба оцинк 1 м|1,00|63,00|0,00|
20.03.2018|Приход|Сантехника|Труба оцинк 1 м дом|1,00|42,00|0,00|
20.03.2018|Приход|Сантехника|Труба ш/п D16|31,00|15,00|0,00|
20.03.2018|Приход|Сантехника|Труба экопласт 20|34,00|19,00|0,00|
20.03.2018|Приход|Сантехника|Труба экопласт 25|18,00|32,00|0,00|
20.03.2018|Приход|Сантехника|Труба экопласт 25|64,00|31,00|0,00|
20.03.2018|Приход|Сантехника|Угловой слив оцинк|1,00|82,00|0,00|
20.03.2018|Приход|Сантехника|Угловой слив оцинк|1,00|82,00|0,00|
20.03.2018|Приход|Сантехника|Угловой слив оцинк|1,00|35,00|0,00|
20.03.2018|Приход|Сантехника|Угловой слив оцинк|1,00|35,00|0,00|
20.03.2018|Приход|Сантехника|Угол 45° Ø200 оцинковка|3,00|117,00|0,00|
20.03.2018|Приход|Сантехника|Угол 45° Ø200 оцинковка|3,00|117,00|0,00|
20.03.2018|Приход|Сантехника|Угол 45° Ø200 оцинковка|6,00|86,00|0,00|
20.03.2018|Приход|Сантехника|Угол 45° Ø200 оцинковка|6,00|81,00|0,00|
20.03.2018|Приход|Сантехника|Угол 45° Ø200 оцинковка|3,00|78,50|0,00|
20.03.2018|Приход|Сантехника|Угол 45° Ø200 оцинковка|5,00|78,00|0,00|
20.03.2018|Приход|Сантехника|Угол 45° Ø200 оцинковка|4,00|78,00|0,00|
20.03.2018|Приход|Сантехника|Угол 45° Ø200 оцинковка|2,00|75,00|0,00|
20.03.2018|Приход|Сантехника|Угол 45° Ø200 оцинковка|12,00|73,00|0,00|
20.03.2018|Приход|Сантехника|Угол 45° Ø200 оцинковка|6,00|71,00|0,00|
20.03.2018|Приход|Сантехника|Угол 45° Ø200 оцинковка|4,00|68,00|0,00|
20.03.2018|Приход|Сантехника|Угол внутр 5мм|200,00|7,50|0,00|
20.03.2018|Приход|Сантехника|Угол внутр 8мм|170,00|8,50|0,00|
20.03.2018|Приход|Сантехника|Угол наруж пласм №5|24,00|7,50|0,00|
20.03.2018|Приход|Сантехника|Угол наружный 5мм|356,00|7,50|0,00|
20.03.2018|Приход|Сантехника|Угол наружный 8мм|159,00|8,50|0,00|
20.03.2018|Приход|Сантехника|Угол наружный зеленый|4,00|55,00|0,00|
20.03.2018|Приход|Сантехника|Угол Ø 100 оцинкован|1,00|117,00|0,00|
20.03.2018|Приход|Сантехника|Угол Ø 100 оцинкован|1,00|115,00|0,00|
20.03.2018|Приход|Сантехника|Угол Ø 100 оцинкован|1,00|86,00|0,00|
20.03.2018|Приход|Сантехника|Угол Ø 100 оцинкован|1,00|81,00|0,00|
20.03.2018|Приход|Сантехника|Угол Ø 100 оцинкован|1,00|78,50|0,00|
20.03.2018|Приход|Сантехника|Угол Ø 100 оцинкован|1,00|78,00|0,00|
20.03.2018|Приход|Сантехника|Угол Ø 100 оцинкован|1,00|78,00|0,00|
20.03.2018|Приход|Сантехника|Угол Ø 100 оцинкован|1,00|75,00|0,00|
20.03.2018|Приход|Сантехника|Угол Ø 100 оцинкован|1,00|74,00|0,00|
20.03.2018|Приход|Сантехника|Угол Ø 100 оцинкован|1,00|74,00|0,00|
20.03.2018|Приход|Сантехника|Угол Ø 100 оцинкован|1,00|73,00|0,00|
20.03.2018|Приход|Сантехника|Угол Ø 100 оцинкован|1,00|73,00|0,00|
20.03.2018|Приход|Сантехника|Угол Ø 100 оцинкован|1,00|71,00|0,00|
20.03.2018|Приход|Сантехника|Угол Ø 100 оцинкован|1,00|71,00|0,00|
20.03.2018|Приход|Сантехника|Угол Ø 100 оцинкован|1,00|69,00|0,00|
20.03.2018|Приход|Сантехника|Угол Ø 100 оцинкован|1,00|68,00|0,00|
20.03.2018|Приход|Сантехника|Угол Ø 100 оцинкован|1,00|67,00|0,00|
20.03.2018|Приход|Сантехника|Угол Ø 100 оцинкован|1,00|66,00|0,00|
20.03.2018|Приход|Сантехника|Угол Ø 100 оцинкован|1,00|64,00|0,00|
20.03.2018|Приход|Сантехника|Угол Ø 100 оцинкован|1,00|61,00|0,00|
20.03.2018|Приход|Сантехника|Угол Ø 100 оцинкован|3,00|58,00|0,00|
20.03.2018|Приход|Сантехника|Угол Ø 100 оцинкован|1,00|53,00|0,00|
20.03.2018|Приход|Сантехника|Угол Ø 100 оцинкован|1,00|53,00|0,00|
20.03.2018|Приход|Сантехника|Угол ½ ВВ лат|15,00|16,00|9,91|
20.03.2018|Приход|Сантехника|Угол ½ Н* ½ лВат|6,00|14,00|0,00|
20.03.2018|Приход|Сантехника|Угол ½ НН лат|11,00|14,00|0,00|
20.03.2018|Приход|Сантехника|Угол 110 с отвод 50|1,00|70,00|0,00|
20.03.2018|Приход|Сантехника|Угол 110/30|12,00|24,00|0,00|
20.03.2018|Приход|Сантехника|Угол 110/45|12,00|24,00|0,00|
20.03.2018|Приход|Сантехника|Угол 110/67|9,00|24,00|0,00|
20.03.2018|Приход|Сантехника|Угол 110/90|11,00|24,00|0,00|
20.03.2018|Приход|Сантехника|Угол 145º|2,00|9,00|0,00|
20.03.2018|Приход|Сантехника|Угол 20х1,2 в|38,00|20,00|0,00|
20.03.2018|Приход|Сантехника|Угол 20х1,2 н|15,00|16,50|0,00|
20.03.2018|Приход|Сантехника|Угол 20х1/2 в|16,00|14,00|0,00|
20.03.2018|Приход|Сантехника|Угол 20х1/2 н|40,00|14,00|0,00|
20.03.2018|Приход|Сантехника|Угол 20х20 в|10,00|17,00|0,00|
20.03.2018|Приход|Сантехника|Угол 20х3,4 в|4,00|21,00|0,00|
20.03.2018|Приход|Сантехника|Угол 20х3,4 н|3,00|27,00|16,85|
20.03.2018|Приход|Сантехника|Угол 20х3/4 в|7,00|15,00|0,00|
20.03.2018|Приход|Сантехника|Угол 20х3/4 в|1,00|14,00|0,00|
20.03.2018|Приход|Сантехника|Угол 20х3/4 н|23,00|14,00|0,00|
20.03.2018|Приход|Сантехника|Угол 25х1 в|7,00|15,00|0,00|
20.03.2018|Приход|Сантехника|Угол 25х1 н|13,00|15,00|0,00|
20.03.2018|Приход|Сантехника|Угол 25х1,2 в|8,00|19,50|0,00|
20.03.2018|Приход|Сантехника|Угол 25х1,2 н|4,00|23,00|0,00|
20.03.2018|Приход|Сантехника|Угол 25х1/2 в|26,00|14,00|0,00|
20.03.2018|Приход|Сантехника|Угол 25х1/2 н|21,00|14,00|0,00|
20.03.2018|Приход|Сантехника|Угол 25х25|14,00|20,00|0,00|
20.03.2018|Приход|Сантехника|Угол 25х25 ½|1,00|14,00|0,00|
20.03.2018|Приход|Сантехника|Угол 25х3,4 в|10,00|24,50|0,00|
20.03.2018|Приход|Сантехника|Угол 25х3,4 н|16,00|30,50|19,82|
20.03.2018|Приход|Сантехника|Угол 25х3/4 в|27,00|14,00|0,00|
20.03.2018|Приход|Сантехника|Угол 25х3/4 н|17,00|14,00|0,00|
20.03.2018|Приход|Сантехника|Угол ¾ В х ½ В лат|8,00|30,00|19,82|
20.03.2018|Приход|Сантехника|Угол ¾ В х ¾ Н лат|12,00|27,00|16,85|
20.03.2018|Приход|Сантехника|Угол ¾ В* ½ В лат|8,00|14,00|0,00|
20.03.2018|Приход|Сантехника|Угол ¾ В* ¾ В лат|12,00|30,00|19,82|
20.03.2018|Приход|Сантехника|Угол ¾ В* ¾ В лат|9,00|30,00|19,82|
20.03.2018|Приход|Сантехника|Угол 45 оцинк Ø100|4,00|50,00|0,00|
20.03.2018|Приход|Сантехника|Угол 45° Ø100 оцинковка|6,00|64,00|0,00|
20.03.2018|Приход|Сантехника|Угол 45° Ø100 оцинковка|7,00|61,00|0,00|
20.03.2018|Приход|Сантехника|Угол 45° Ø110 оцинковка|6,00|64,00|0,00|
20.03.2018|Приход|Сантехника|Угол 45° Ø110 оцинковка|7,00|61,00|0,00|
20.03.2018|Приход|Сантехника|Угол 45° Ø115 оцинковка|3,00|66,00|0,00|
20.03.2018|Приход|Сантехника|Угол 45° Ø120 оцинковка|5,00|67,00|0,00|
20.03.2018|Приход|Сантехника|Угол 45° Ø125 оцинковка|4,00|71,00|0,00|
20.03.2018|Приход|Сантехника|Угол 45° Ø130 оцинковка|4,00|69,00|0,00|
20.03.2018|Приход|Сантехника|Угол 45° Ø135 оцинковка|5,00|73,00|0,00|
20.03.2018|Приход|Сантехника|Угол 45° Ø140 оцинковка|10,00|74,00|0,00|
20.03.2018|Приход|Сантехника|Угол 45° Ø150 оцинковка|5,00|74,00|0,00|
20.03.2018|Приход|Сантехника|Угол 50/30|10,00|9,00|0,00|
20.03.2018|Приход|Сантехника|Угол 50/45|15,00|9,00|0,00|
20.03.2018|Приход|Сантехника|Угол 50/67|9,00|9,00|0,00|
20.03.2018|Приход|Сантехника|Угол 50/90|5,00|9,00|0,00|
20.03.2018|Приход|Сантехника|Угол внутр вишня|8,00|55,00|0,00|
20.03.2018|Приход|Сантехника|Угол внутр зеленый|5,00|55,00|0,00|
20.03.2018|Приход|Сантехника|Угол внутр коричневый|4,00|55,00|0,00|
20.03.2018|Приход|Сантехника|Угол внутр пласм №5|90,00|7,50|0,00|
20.03.2018|Приход|Сантехника|Угол внутр пласм №8|72,00|8,50|0,00|
20.03.2018|Приход|Сантехника|Угол внутр синий|5,00|55,00|0,00|
20.03.2018|Приход|Сантехника|Угол водослив Ø100 45° верхний|1,00|58,00|0,00|
20.03.2018|Приход|Сантехника|Угол водослив Ø100 45° верхний|1,00|58,00|0,00|
20.03.2018|Приход|Сантехника|Угол водослив Ø100 45° нижний|3,00|58,00|0,00|
20.03.2018|Приход|Сантехника|Угол водослив Ø100 45° нижний|3,00|58,00|0,00|
20.03.2018|Приход|Сантехника|Угол водослив Ø100 45° средний|3,00|58,00|0,00|
20.03.2018|Приход|Сантехника|Угол водослив Ø100 45° средний|3,00|58,00|0,00|
20.03.2018|Приход|Сантехника|Угол декор 15/15|25,00|17,00|0,00|
20.03.2018|Приход|Сантехника|Угол декор 15/15|6,00|15,00|0,00|
20.03.2018|Приход|Сантехника|Угол декор 20/20|59,00|25,00|0,00|
20.03.2018|Приход|Сантехника|Угол декор 20/20|17,00|20,00|0,00|
20.03.2018|Приход|Сантехника|Угол для гипса 10/12|7,00|10,00|0,00|
20.03.2018|Приход|Сантехника|Угол для гипса 20/15|12,00|10,00|0,00|
20.03.2018|Приход|Сантехника|Угол для плитки внутр|117,00|20,00|0,00|
20.03.2018|Приход|Сантехника|Угол для плитки внутр кор|2,00|25,00|0,00|
20.03.2018|Приход|Сантехника|Угол для плитки наруж|118,00|20,00|0,00|
20.03.2018|Приход|Сантехника|Угол желоба|1,00|60,00|0,00|
20.03.2018|Приход|Сантехника|Угол канализац190 с отвод 50|9,00|40,00|0,00|
20.03.2018|Приход|Сантехника|Угол м/п Ø16* ½ В Ø16* ½ Н|2,00|21,00|0,00|
20.03.2018|Приход|Сантехника|Угол м/п Ø16* ¾ В Ø16* ¾ Н|2,00|40,00|0,00|
20.03.2018|Приход|Сантехника|Угол м/п Ø16*16|1,00|26,00|0,00|
20.03.2018|Приход|Сантехника|Угол м/п Ø16*20|1,00|57,00|0,00|
20.03.2018|Приход|Сантехника|Угол м/п Ø20* ½ В Ø20* ½ Н|2,00|33,00|0,00|
20.03.2018|Приход|Сантехника|Угол м/п Ø20* ¾ В Ø20* ¾ Н|2,00|34,00|0,00|
20.03.2018|Приход|Сантехника|Угол м/п Ø20*20|1,00|43,00|0,00|
20.03.2018|Приход|Сантехника|Угол мет с резьбой Ø15|18,00|11,00|0,00|
20.03.2018|Приход|Сантехника|Угол мет с резьбой Ø20|21,00|16,00|0,00|
20.03.2018|Приход|Сантехника|Угол мет с резьбой Ø25|23,00|21,00|0,00|
20.03.2018|Приход|Сантехника|Угол мет G15|1,00|6,00|0,00|
20.03.2018|Приход|Сантехника|Угол мет G20|1,00|7,50|0,00|
20.03.2018|Приход|Сантехника|Угол мет G25|1,00|10,00|0,00|
20.03.2018|Приход|Сантехника|Угол мет G32|1,00|17,00|0,00|
20.03.2018|Приход|Сантехника|Угол мет G50|1,00|25,00|0,00|
20.03.2018|Приход|Сантехника|Угол мет G540|1,00|20,00|0,00|
20.03.2018|Приход|Сантехника|Угол мет Ø15|29,00|6,00|0,00|
20.03.2018|Приход|Сантехника|Угол мет Ø20|31,00|7,50|0,00|
20.03.2018|Приход|Сантехника|Угол мет Ø25|20,00|10,00|0,00|
20.03.2018|Приход|Сантехника|Угол мет Ø25|8,00|10,00|0,00|
20.03.2018|Приход|Сантехника|Угол мет Ø32|13,00|17,00|0,00|
20.03.2018|Приход|Сантехника|Угол мет Ø32|3,00|17,00|0,00|
20.03.2018|Приход|Сантехника|Угол мет Ø40|20,00|20,00|0,00|
20.03.2018|Приход|Сантехника|Угол мет Ø40|3,00|20,00|0,00|
20.03.2018|Приход|Сантехника|Угол мет Ø50|18,00|26,00|0,00|
20.03.2018|Приход|Сантехника|Угол мет Ø50|8,00|26,00|0,00|
20.03.2018|Приход|Сантехника|Угол наруж синий|5,00|55,00|0,00|
20.03.2018|Приход|Сантехника|Угол наст плинтус|1,00|26,00|0,00|
20.03.2018|Приход|Сантехника|Угол под ванну|7,00|25,00|0,00|
20.03.2018|Приход|Сантехника|Угол полив ½|1,00|2,50|0,00|
20.03.2018|Приход|Сантехника|Угол поливоч|40,00|1,50|0,00|
20.03.2018|Приход|Сантехника|Угол с накид гай 20х3,4|7,00|25,00|0,00|
20.03.2018|Приход|Сантехника|Угол строит|1,00|26,00|0,00|
20.03.2018|Приход|Сантехника|Угол установоч м/п 16* ½ В|4,00|29,00|0,00|
20.03.2018|Приход|Сантехника|Угол установоч м/п 20* ½ В|2,00|42,00|0,00|
20.03.2018|Приход|Сантехника|Угол установоч м/п Ø16* ¾ В|1,00|47,00|0,00|
20.03.2018|Приход|Сантехника|Угол установоч м/п Ø16* ½ В|1,00|29,00|0,00|
20.03.2018|Приход|Сантехника|Угол установоч м/п Ø20* ½ В|1,00|42,00|0,00|
20.03.2018|Приход|Сантехника|Угол установочный 20х1/2 в|1,00|25,00|0,00|
20.03.2018|Приход|Сантехника|Угол чугун 25|1,00|31,00|0,00|
20.03.2018|Приход|Сантехника|Угол чугун 32|1,00|43,00|0,00|
20.03.2018|Приход|Сантехника|Угол чугун 32|1,00|16,00|0,00|
20.03.2018|Приход|Сантехника|Угол чугун 40|1,00|59,00|0,00|
20.03.2018|Приход|Сантехника|Угол чугун 50|1,00|83,00|0,00|
20.03.2018|Приход|Сантехника|Угол чугун Ø15|9,00|12,00|0,00|
20.03.2018|Приход|Сантехника|Угол чугун Ø20|9,00|16,00|0,00|
20.03.2018|Приход|Сантехника|Угол чугун Ø25|9,00|31,00|0,00|
20.03.2018|Приход|Сантехника|Угол чугун Ø32|2,00|43,00|0,00|
20.03.2018|Приход|Сантехника|Угол чугун Ø40|7,00|59,00|0,00|
20.03.2018|Приход|Сантехника|Угол чугун Ø50|2,00|83,00|0,00|
20.03.2018|Приход|Сантехника|Угол Ø20 45º|68,00|3,50|0,00|
20.03.2018|Приход|Сантехника|Угол Ø20 90º|56,00|3,50|0,00|
20.03.2018|Приход|Сантехника|Угол Ø25 45º|69,00|5,00|0,00|
20.03.2018|Приход|Сантехника|Угол Ø25 90º|59,00|5,00|0,00|
20.03.2018|Приход|Сантехника|Уголки под ванну|9,00|3,00|0,00|
20.03.2018|Приход|Сантехника|УД профиль экон|7,00|21,00|0,00|
20.03.2018|Приход|Сантехника|Удлинитель 1*Н|1,00|53,50|0,00|
20.03.2018|Приход|Сантехника|Удлинитель ½|1,00|32,00|0,00|
20.03.2018|Приход|Сантехника|Удлинитель ½ 100м|5,00|60,00|0,00|
20.03.2018|Приход|Сантехника|Удлинитель ½ 10м|5,00|10,00|0,00|
20.03.2018|Приход|Сантехника|Удлинитель ½ 15м|6,00|9,50|0,00|
20.03.2018|Приход|Сантехника|Удлинитель ½ 20м|13,00|10,50|0,00|
20.03.2018|Приход|Сантехника|Удлинитель ½ 25м|1,00|20,00|0,00|
20.03.2018|Приход|Сантехника|Удлинитель ½ 40м|4,00|22,00|0,00|
20.03.2018|Приход|Сантехника|Удлинитель ½ 50м|5,00|26,00|0,00|
20.03.2018|Приход|Сантехника|Удлинитель ½ 60м|5,00|30,00|0,00|
20.03.2018|Приход|Сантехника|Удлинитель ½ 80м|1,00|45,00|0,00|
20.03.2018|Приход|Сантехника|Удлинитель ½ 80м|2,00|8,50|0,00|
20.03.2018|Приход|Сантехника|Удлинитель ¾ 80м|4,00|43,00|0,00|
20.03.2018|Приход|Сантехника|Улитка большая|1,00|22,00|0,00|
20.03.2018|Приход|Сантехника|Улитка с держателем|2,00|20,00|0,00|
20.03.2018|Приход|Сантехника|Улитка ср|4,00|15,00|0,00|
20.03.2018|Приход|Сантехника|Уплотнитель 12х10|24,00|30,00|0,00|
20.03.2018|Приход|Сантехника|Уплотнитель 12х10 бел|3,00|30,00|0,00|
20.03.2018|Приход|Сантехника|Уплотнитель 12х10 черн|4,50|30,00|0,00|
20.03.2018|Приход|Сантехника|Уплотнитель 12х14 бел|9,50|30,00|0,00|
20.03.2018|Приход|Сантехника|Уплотнитель 14х12|20,00|30,00|0,00|
20.03.2018|Приход|Сантехника|Уплотнитель 7,5х9|3,40|12,00|0,00|
20.03.2018|Приход|Сантехника|Уплотнитель 9х4|37,00|9,00|0,00|
20.03.2018|Приход|Сантехника|Уплотнитель 9х5,5|427,00|12,00|0,00|
20.03.2018|Приход|Сантехника|Уплотнитель дверной|10,00|20,00|0,00|
20.03.2018|Приход|Сантехника|Уплотнитель окон|1,00|20,00|0,00|
20.03.2018|Приход|Сантехника|Уплотнитель паста Унипак м|1,00|50,00|0,00|
20.03.2018|Приход|Сантехника|Уплотнитель под ст машинку 50*32,50*40,50*25|25,00|3,50|0,00|
20.03.2018|Приход|Сантехника|Уплотнитель с фольг 2 мм|50,00|8,00|0,00|
20.03.2018|Приход|Сантехника|Уплотнитель с фольг 3 мм|45,00|12,50|0,00|
20.03.2018|Приход|Сантехника|Уплотнитель с фольг 5 мм|8,50|12,50|0,00|
20.03.2018|Приход|Сантехника|Уплотнитель с фольг 8 мм|46,00|21,00|0,00|
20.03.2018|Приход|Сантехника|Уплотнитель универсальн|5,00|22,00|0,00|
20.03.2018|Приход|Сантехника|Утеплитель 3 мм Termo|1,00|60,00|0,00|
20.03.2018|Приход|Сантехника|Утеплитель 3мм|1,00|60,00|0,00|
20.03.2018|Приход|Сантехника|Утеплитель для трубы d22|4,00|10,00|0,00|
20.03.2018|Приход|Сантехника|Утеплитель для трубы d25|16,00|4,00|0,00|
20.03.2018|Приход|Сантехника|Утеплитель Изовер|2,00|325,00|0,00|
20.03.2018|Приход|Сантехника|Утеплитель Профитеп|3,00|330,00|0,00|
20.03.2018|Приход|Сантехника|Утеплитель с фольгой 2мм|50,00|7,00|0,00|
20.03.2018|Приход|Сантехника|Утеплитель с фольгой 3мм|100,00|12,00|0,00|
20.03.2018|Приход|Сантехника|Утеплитель с фольгой 5мм|50,00|12,50|0,00|
20.03.2018|Приход|Сантехника|Утеплитель Урса|2,00|340,00|0,00|
20.03.2018|Приход|Сантехника|Утеплитель d110|3,00|32,00|0,00|
20.03.2018|Приход|Сантехника|Утеплительдля трубы d32|7,00|5,00|0,00|
20.03.2018|Приход|Сантехника|Ухо под смеситель Ø 32|2,00|40,00|0,00|
20.03.2018|Приход|Сантехника|Ухо под смеситель Ø40|1,00|45,00|0,00|
20.03.2018|Приход|Сантехника|Ухо смеситель 35|2,00|40,00|0,00|
20.03.2018|Приход|Сантехника|Ухо смеситель 40|2,00|45,00|0,00|
20.03.2018|Приход|Сантехника|Фильтр Аквадор|2,00|0,80|0,00|
20.03.2018|Приход|Сантехника|Фильтр аквафор|1,00|98,00|0,00|
20.03.2018|Приход|Сантехника|Фильтр барьер|2,00|100,00|0,00|
20.03.2018|Приход|Сантехника|Фильтр вод нитка|5,00|28,00|0,00|
20.03.2018|Приход|Сантехника|Фильтр вод уголь|2,00|52,00|0,00|
20.03.2018|Приход|Сантехника|Фильтр вод уголь+пропил|2,00|63,00|0,00|
20.03.2018|Приход|Сантехника|Фильтр водяной 2й колба|1,00|215,00|0,00|
20.03.2018|Приход|Сантехника|Фильтр водяной пропилен|4,00|20,00|0,00|
20.03.2018|Приход|Сантехника|Фильтр гриб Ø20|3,00|29,00|0,00|
20.03.2018|Приход|Сантехника|Фильтр гриб Ø25|1,00|38,00|0,00|
20.03.2018|Приход|Сантехника|Фильтр нитка|1,00|28,00|0,00|
20.03.2018|Приход|Сантехника|Фильтр полифосфатный|2,00|62,00|40,60|
20.03.2018|Приход|Сантехника|Фильтр уголь|1,00|52,00|0,00|
20.03.2018|Приход|Сантехника|Фланец метал|12,00|25,00|0,00|
20.03.2018|Приход|Сантехника|Хвостовик для ,,,, 110см|1,00|54,50|0,00|
20.03.2018|Приход|Сантехника|Хомут 10*16мм|22,00|3,50|0,00|
20.03.2018|Приход|Сантехника|Хомут 110|13,00|7,00|0,00|
20.03.2018|Приход|Сантехника|Хомут 120*140|2,00|10,00|0,00|
20.03.2018|Приход|Сантехника|Хомут 16*25мм|29,00|7,50|0,00|
20.03.2018|Приход|Сантехника|Хомут 16*27мм|2,00|4,50|0,00|
20.03.2018|Приход|Сантехника|Хомут 180*200|1,00|25,00|0,00|
20.03.2018|Приход|Сантехника|Хомут 19*26мм|31,00|5,00|0,00|
20.03.2018|Приход|Сантехника|Хомут 20*32мм|3,00|5,00|0,00|
20.03.2018|Приход|Сантехника|Хомут 23*35мм|10,00|5,00|0,00|
20.03.2018|Приход|Сантехника|Хомут 25*40мм|73,00|6,50|0,00|
20.03.2018|Приход|Сантехника|Хомут 50*70|2,00|7,00|0,00|
20.03.2018|Приход|Сантехника|Хомут 60*90|7,00|7,50|0,00|
20.03.2018|Приход|Сантехника|Хомут 8*12мм|60,00|3,50|0,00|
20.03.2018|Приход|Сантехника|Хомут 8*12мм|36,00|3,50|0,00|
20.03.2018|Приход|Сантехника|Хомут водяной D32* ½|10,00|28,00|0,00|
20.03.2018|Приход|Сантехника|Хомут водяной D32* ¾|9,00|28,00|0,00|
20.03.2018|Приход|Сантехника|Хомут водяной D40* ½|5,00|32,00|0,00|
20.03.2018|Приход|Сантехника|Хомут водяной D50* ½|2,00|35,00|0,00|
20.03.2018|Приход|Сантехника|Хомут под трос №3|16,00|2,50|0,00|
20.03.2018|Приход|Сантехника|Хомут под трос №5|14,00|3,50|0,00|
20.03.2018|Приход|Сантехника|Хомут под трос №6|7,00|3,50|0,00|
20.03.2018|Приход|Сантехника|Хомут под трос №8|8,00|6,00|0,00|
20.03.2018|Приход|Сантехника|Хомут силовой 110*130|1,00|10,00|0,00|
20.03.2018|Приход|Сантехника|Хомут силовой 12*20|18,00|3,50|0,00|
20.03.2018|Приход|Сантехника|Хомут силовой 140*160|8,00|12,00|0,00|
20.03.2018|Приход|Сантехника|Хомут силовой 180*200|4,00|25,00|0,00|
20.03.2018|Приход|Сантехника|Хомут силовой 25*40|8,00|6,00|0,00|
20.03.2018|Приход|Сантехника|Хомут силовой 25*40|45,00|5,50|0,00|
20.03.2018|Приход|Сантехника|Хомут силовой 32*35|8,00|12,50|0,00|
20.03.2018|Приход|Сантехника|Хомут силовой 32*50|40,00|5,50|0,00|
20.03.2018|Приход|Сантехника|Хомут силовой 37*40|5,00|13,00|0,00|
20.03.2018|Приход|Сантехника|Хомут силовой 40*60|9,00|6,50|0,00|
20.03.2018|Приход|Сантехника|Хомут силовой 44*60|32,00|10,00|0,00|
20.03.2018|Приход|Сантехника|Хомут силовой 48*51|3,00|15,50|0,00|
20.03.2018|Приход|Сантехника|Хомут силовой 50*70|13,00|11,00|0,00|
20.03.2018|Приход|Сантехника|Хомут силовой 50*71|23,00|6,00|0,00|
20.03.2018|Приход|Сантехника|Хомут силовой 56*59|4,00|18,00|0,00|
20.03.2018|Приход|Сантехника|Хомут силовой 60*80|10,00|8,00|0,00|
20.03.2018|Приход|Сантехника|Хомут силовой 70*90|11,00|7,50|0,00|
20.03.2018|Приход|Сантехника|Хомут силовой 74*79|5,00|25,00|0,00|
20.03.2018|Приход|Сантехника|Хомут силовой 80*100|5,00|8,00|0,00|
20.03.2018|Приход|Сантехника|Хомут силовой 90*110|12,00|9,00|0,00|
20.03.2018|Приход|Сантехника|Хомут стяжной 4,6*400|14,00|1,25|0,00|
20.03.2018|Приход|Сантехника|Хомут стяжной 4,8*400|33,00|1,65|0,00|
20.03.2018|Приход|Сантехника|Хомут стяжной 4,8*400|73,00|1,50|0,00|
20.03.2018|Приход|Сантехника|Хомут стяжной 7,2*350|32,00|3,00|0,00|
20.03.2018|Приход|Сантехника|Хомут трубы 1'|17,00|14,00|0,00|
20.03.2018|Приход|Сантехника|Хомут трубы 1' ½|7,00|12,00|0,00|
20.03.2018|Приход|Сантехника|Хомут трубы 1' ¼|10,00|13,00|0,00|
20.03.2018|Приход|Сантехника|Хомут трубы 1' ¾|18,00|13,00|0,00|
20.03.2018|Приход|Сантехника|Хомут140*160|1,00|12,00|0,00|
20.03.2018|Приход|Сантехника|Цепочка для ванны 50см|11,00|17,00|0,00|
20.03.2018|Приход|Сантехника|Чашка с эксцентриком под смеситель|3,00|45,00|0,00|
20.03.2018|Приход|Сантехника|Шина под карниз 1,2|8,00|14,00|0,00|
20.03.2018|Приход|Сантехника|Шина под карниз 1,60|5,00|18,00|0,00|
20.03.2018|Приход|Сантехника|Шина под карниз 2,00|11,00|22,00|0,00|
20.03.2018|Приход|Сантехника|Шина под карниз 2,40|7,00|29,00|0,00|
20.03.2018|Приход|Сантехника|Шина под карниз 2,80|3,00|31,00|0,00|
20.03.2018|Приход|Сантехника|Шина под карниз 3,00|3,00|33,00|0,00|
20.03.2018|Приход|Сантехника|Шланг «Техникс» 1,2|18,50|15,00|0,00|
20.03.2018|Приход|Сантехника|Шланг гибкий гайка/гайка 0,3|4,00|26,00|0,00|
20.03.2018|Приход|Сантехника|Шланг гибкий гайка/гайка 0,4|2,00|29,00|0,00|
20.03.2018|Приход|Сантехника|Шланг гибкий гайка/гайка 0,5|3,00|41,00|0,00|
20.03.2018|Приход|Сантехника|Шланг гибкий гайка/гайка 0,6|1,00|35,00|0,00|
20.03.2018|Приход|Сантехника|Шланг гибкий гайка/гайка 0,8|2,00|53,00|0,00|
20.03.2018|Приход|Сантехника|Шланг гибкий гайка/гайка 1,|3,00|55,00|0,00|
20.03.2018|Приход|Сантехника|Шланг гибкий гайка/гайка 1,2|1,00|66,00|0,00|
20.03.2018|Приход|Сантехника|Шланг гибкий гайка/гайка 1,5|1,00|64,00|0,00|
20.03.2018|Приход|Сантехника|Шланг гибкий гайка/штуцер 0,3|4,00|31,00|0,00|
20.03.2018|Приход|Сантехника|Шланг гибкий гайка/штуцер 0,4|4,00|33,00|0,00|
20.03.2018|Приход|Сантехника|Шланг гибкий гайка/штуцер 0,5|2,00|30,00|0,00|
20.03.2018|Приход|Сантехника|Шланг гибкий гайка/штуцер 0,6|1,00|40,00|0,00|
20.03.2018|Приход|Сантехника|Шланг гибкий гайка/штуцер 0,8|2,00|46,00|0,00|
20.03.2018|Приход|Сантехника|Шланг гибкий гайка/штуцер 1,|2,00|55,00|0,00|
20.03.2018|Приход|Сантехника|Шланг гибкий гайка/штуцер 1,20|5,00|56,00|0,00|
20.03.2018|Приход|Сантехника|Шланг гибкий гайка/штуцер 1,20|2,00|56,00|0,00|
20.03.2018|Приход|Сантехника|Шланг гибкий гайка/штуцер 1,5|3,00|64,00|0,00|
20.03.2018|Приход|Сантехника|Шланг гибкий под смеситель 0,3|3,00|34,50|0,00|
20.03.2018|Приход|Сантехника|Шланг гибкий под смеситель 0,4|8,00|32,00|0,00|
20.03.2018|Приход|Сантехника|Шланг гибкий под смеситель 0,5|4,00|38,50|0,00|
20.03.2018|Приход|Сантехника|Шланг гибкий под смеситель 0,6|2,00|38,00|0,00|
20.03.2018|Приход|Сантехника|Шланг гибкий под смеситель 0,6|2,00|36,50|0,00|
20.03.2018|Приход|Сантехника|Шланг гибкий под смеситель 0,8|5,00|52,50|0,00|
20.03.2018|Приход|Сантехника|Шланг гибкий под смеситель 1|5,00|58,00|0,00|
20.03.2018|Приход|Сантехника|Шланг екофлекс 0,6|2,00|78,00|0,00|
20.03.2018|Приход|Сантехника|Шланг залив 1,0м|2,00|27,00|0,00|
20.03.2018|Приход|Сантехника|Шланг залив 1,5м|1,00|47,00|0,00|
20.03.2018|Приход|Сантехника|Шланг залив 1,5м|1,00|47,00|0,00|
20.03.2018|Приход|Сантехника|Шланг залив 1м|1,00|38,00|0,00|
20.03.2018|Приход|Сантехника|Шланг залив 2,0м|2,00|55,00|0,00|
20.03.2018|Приход|Сантехника|Шланг залив 2,5м|1,00|66,00|0,00|
20.03.2018|Приход|Сантехника|Шланг залив 2м|1,00|55,00|0,00|
20.03.2018|Приход|Сантехника|Шланг залив 3,0м|1,00|75,00|0,00|
20.03.2018|Приход|Сантехника|Шланг кислород|7,00|27,00|0,00|
20.03.2018|Приход|Сантехника|Шланг поливоч желт 3/4м|50,00|17,00|0,00|
20.03.2018|Приход|Сантехника|Шланг поливоч зелен 3/4м|50,00|12,00|0,00|
20.03.2018|Приход|Сантехника|Шланг поливоч зеленый 1,2|4,50|12,50|0,00|
20.03.2018|Приход|Сантехника|Шланг поливоч зеленый 1,2|8,70|10,00|0,00|
20.03.2018|Приход|Сантехника|Шланг поливоч Турция желтая 1,2|50,00|12,00|0,00|
20.03.2018|Приход|Сантехника|Шланг слив 1,0м|1,00|25,00|0,00|
20.03.2018|Приход|Сантехника|Шланг слив 1,5м|1,00|30,00|0,00|
20.03.2018|Приход|Сантехника|Шланг слив 1,5м|1,00|30,00|0,00|
20.03.2018|Приход|Сантехника|Шланг слив 1м|1,00|25,00|0,00|
20.03.2018|Приход|Сантехника|Шланг слив 2,0 м|2,00|30,00|0,00|
20.03.2018|Приход|Сантехника|Шланг слив 2,5м|1,00|37,00|0,00|
20.03.2018|Приход|Сантехника|Шланг слив 3,0м|1,00|42,00|0,00|
20.03.2018|Приход|Сантехника|Шланг Турция желтая 3,4|60,50|17,00|0,00|
20.03.2018|Приход|Сантехника|Шланг Турция зеленая|16,00|17,00|0,00|
20.03.2018|Приход|Сантехника|Шланг Турция зеленая 3,4|51,20|12,00|0,00|
20.03.2018|Приход|Сантехника|Шланг Турция синяя 1,2|50,00|12,00|0,00|
20.03.2018|Приход|Сантехника|Шланг ecoflex вода 1,2м|3,00|83,00|0,00|
20.03.2018|Приход|Сантехника|Шланг ecoflex вода 1,5м|6,00|93,00|0,00|
20.03.2018|Приход|Сантехника|Шланг ecoflex вода 1м|2,00|70,00|0,00|
20.03.2018|Приход|Сантехника|Шланг ecoflex вода 30см|2,00|45,00|0,00|
20.03.2018|Приход|Сантехника|Шланг ecoflex вода 40см|1,00|52,00|0,00|
20.03.2018|Приход|Сантехника|Шланг ecoflex вода 50см|3,00|52,00|0,00|
20.03.2018|Приход|Сантехника|Шланг ecoflex вода 60см|2,00|59,50|0,00|
20.03.2018|Приход|Сантехника|Шланг ecoflex вода 80см|3,00|63,00|0,00|
20.03.2018|Приход|Сантехника|Шланг ecoflex газ 1,2м|5,00|92,00|0,00|
20.03.2018|Приход|Сантехника|Шланг ecoflex газ 1,5м|2,00|115,00|0,00|
20.03.2018|Приход|Сантехника|Шланг ecoflex газ 1м|4,00|86,50|0,00|
20.03.2018|Приход|Сантехника|Шланг ecoflex газ 2,5м|1,00|185,00|0,00|
20.03.2018|Приход|Сантехника|Шланг ecoflex газ 2м|1,00|140,00|0,00|
20.03.2018|Приход|Сантехника|Шланг ecoflex газ 30см|2,00|48,50|0,00|
20.03.2018|Приход|Сантехника|Шланг ecoflex газ 3м|1,00|215,00|0,00|
20.03.2018|Приход|Сантехника|Шланг ecoflex газ 40см|3,00|60,50|0,00|
20.03.2018|Приход|Сантехника|Шланг ecoflex газ 50см|3,00|63,00|0,00|
20.03.2018|Приход|Сантехника|Шланг ecoflex газ 60см|3,00|70,00|0,00|
20.03.2018|Приход|Сантехника|Шланг ecoflex газ 80см|2,00|72,00|0,00|
20.03.2018|Приход|Сантехника|Шланг ecoflex под смеситель 30см|4,00|66,50|0,00|
20.03.2018|Приход|Сантехника|Шланг ecoflex под смеситель 40см|3,00|69,00|0,00|
20.03.2018|Приход|Сантехника|Шланг ecoflex под смеситель 50см|3,00|72,50|0,00|
20.03.2018|Приход|Сантехника|Шланг ecoflex под смеситель 60см|1,00|73,00|0,00|
20.03.2018|Приход|Сантехника|Шланг ecoflex под смеситель 80см|6,00|83,00|0,00|
20.03.2018|Приход|Сантехника|Шланг ecoflex смеситель 1м|3,00|93,00|0,00|
20.03.2018|Приход|Сантехника|Шпингалет б|3,00|10,00|0,00|
20.03.2018|Приход|Сантехника|Шпингалет б декорат|10,00|32,00|0,00|
20.03.2018|Приход|Сантехника|Шпингалет декорат|1,00|26,00|0,00|
20.03.2018|Приход|Сантехника|Шпингалет засов (100 мм)|1,00|20,00|0,00|
20.03.2018|Приход|Сантехника|Шпингалет засов 105х55|1,00|28,00|0,00|
20.03.2018|Приход|Сантехника|Шпингалет засов 120 мм|1,00|36,00|0,00|
20.03.2018|Приход|Сантехника|Шпингалет засов 160мм|1,00|46,00|0,00|
20.03.2018|Приход|Сантехника|Шпингалет засов 180мм|1,00|56,00|0,00|
20.03.2018|Приход|Сантехника|Шпингалет засов 400мм|1,00|86,00|0,00|
20.03.2018|Приход|Сантехника|Шпингалет засов 75х60|1,00|16,00|0,00|
20.03.2018|Приход|Сантехника|Шпингалет м|10,00|8,50|0,00|
20.03.2018|Приход|Сантехника|Шпингалет м декорат|8,00|27,00|0,00|
20.03.2018|Приход|Сантехника|Шпингалет потолочный декорат|1,00|22,00|0,00|
20.03.2018|Приход|Сантехника|Шпингалет с|1,00|7,00|0,00|
20.03.2018|Приход|Сантехника|Шпингалет с кнопкой|4,00|27,00|0,00|
20.03.2018|Приход|Сантехника|Штуцер 1*В 25мп|4,00|14,00|0,00|
20.03.2018|Приход|Сантехника|Штуцер ½ В 10м|9,00|10,00|0,00|
20.03.2018|Приход|Сантехника|Штуцер ½ В 12м|8,00|9,00|0,00|
20.03.2018|Приход|Сантехника|Штуцер ½ В 14м|11,00|10,50|0,00|
20.03.2018|Приход|Сантехника|Штуцер ½ В 16м|20,00|11,00|5,19|
20.03.2018|Приход|Сантехника|Штуцер ½ В 18м|15,00|11,00|0,00|
20.03.2018|Приход|Сантехника|Штуцер ½ В 20м|6,00|10,00|0,00|
20.03.2018|Приход|Сантехника|Штуцер ½ В 6м|8,00|10,50|0,00|
20.03.2018|Приход|Сантехника|Штуцер ½ В 8м|13,00|8,50|0,00|
20.03.2018|Приход|Сантехника|Штуцер ½ Н 10м|20,00|10,00|4,02|
20.03.2018|Приход|Сантехника|Штуцер ½ Н 14м|7,00|10,50|0,00|
20.03.2018|Приход|Сантехника|Штуцер ½ Н 16м|10,00|11,00|0,00|
20.03.2018|Приход|Сантехника|Штуцер ½ Н 18м|9,00|11,00|0,00|
20.03.2018|Приход|Сантехника|Штуцер ½ Н 20м|10,00|11,00|0,00|
20.03.2018|Приход|Сантехника|Штуцер ½ Н 8м|7,00|8,50|0,00|
20.03.2018|Приход|Сантехника|Штуцер ½ Н12м|18,00|9,00|0,00|
20.03.2018|Приход|Сантехника|Штуцер ¾ В 10|4,00|9,00|0,00|
20.03.2018|Приход|Сантехника|Штуцер ¾ В 12|8,00|10,50|0,00|
20.03.2018|Приход|Сантехника|Штуцер ¾ В 14|5,00|10,50|0,00|
20.03.2018|Приход|Сантехника|Штуцер ¾ В 16м|7,00|11,00|5,19|
20.03.2018|Приход|Сантехника|Штуцер ¾ В 20м|7,00|12,50|0,00|
20.03.2018|Приход|Сантехника|Штуцер ¾ Н 12м|10,00|10,50|0,00|
20.03.2018|Приход|Сантехника|Штуцер ¾ Н 14м|12,00|10,50|0,00|
20.03.2018|Приход|Сантехника|Штуцер ¾ Н 16м|8,00|11,00|0,00|
20.03.2018|Приход|Сантехника|Штуцер ¾ Н 18м|4,00|12,00|0,00|
20.03.2018|Приход|Сантехника|Штуцер ¾ Н 20м|3,00|12,50|0,00|
20.03.2018|Приход|Сантехника|Штуцер под балон ¾левый рез|4,00|16,00|0,00|
20.03.2018|Приход|Сантехника|Штуцер Ø32 Н*30|1,00|9,00|0,00|
20.03.2018|Приход|Сантехника|Штуцер1'В*25 1'Н*25 лат|2,00|14,00|0,00|
20.03.2018|Приход|Дом|FSB внутр замка 10-08|1,00|145,00|0,00|
20.03.2018|Приход||фонарик ручн аккумулят Led 4d|3,00|46,00|30,16|
