20.03.2018|приход|огородник|веер желтый|2|55,00|0,00
20.03.2018|приход|огородник|веер плоский грабли|3|52,00|0,00
20.03.2018|приход|огородник|веер с металической ручкой|1|88,00|0,00
20.03.2018|приход|огородник|грабарка черная|1|58,00|0,00
20.03.2018|приход|огородник|Грабли 10 зубов|20|33,00|0,00
20.03.2018|приход|огородник|Грабли 8 зубов|3|29,00|0,00
20.03.2018|приход|огородник|грабли веер проволка|9|30,00|0,00
20.03.2018|приход|огородник|грабли веер раздвижн|1|55,00|0,00
20.03.2018|приход|огородник|грабли веер утолщ|1|52,00|0,00
20.03.2018|приход|огородник|грабли садовые |1|26,00|0,00
20.03.2018|приход|огородник|грабли сено|9|15,00|0,00
20.03.2018|приход|огородник|вилы для сена|4|56,00|0,00
20.03.2018|приход|огородник|вилы садовые|2|76,00|0,00
20.03.2018|приход|огородник|лопата американка|13|63,00|0,00
20.03.2018|приход|огородник|лопата американка|2|63,00|0,00
20.03.2018|приход|огородник|лопата оранжевая |1|55,00|0,00
20.03.2018|приход|огородник|лопата снегов АБС|10|100,00|0,00
20.03.2018|приход|огородник|лопата снегов Лемира|8|78,00|0,00
20.03.2018|приход|огородник|лопата снеговая|1|70,00|0,00
20.03.2018|приход|огородник|лопата совок|4|58,00|0,00
20.03.2018|приход|огородник|лопата чехия совок|3|72,00|0,00
20.03.2018|приход|огородник|лопата чехия штык |5|72,00|0,00
20.03.2018|приход|огородник|лопата штык|8|58,00|0,00
20.03.2018|приход|огородник|Лопата штыкова черная|1|58,00|0,00
20.03.2018|приход|огородник|лопатка|1|35,00|0,00
20.03.2018|приход|огородник|лопатка садовая|1|28,00|0,00
20.03.2018|приход|огородник|мотыжка|5|30|0,00
20.03.2018|приход|огородник|розпуш |2|26,00|0,00
20.03.2018|приход|огородник|рыхлитель|2|115,00|0,00
20.03.2018|приход|огородник|Сапка 150|8|26,00|0,00
20.03.2018|приход|огородник|Сапка 200|7|28,00|0,00
20.03.2018|приход|огородник|Секатор 200 мм|1|160,00|0,00
20.03.2018|приход|огородник|секатор Град|1|62,00|0,00
20.03.2018|приход|огородник|секатор Интерпол|1|82,00|0,00
20.03.2018|приход|огородник|Секатор Интертол|1|160,00|0,00
20.03.2018|приход|огородник|секатор Китай|1|55,00|0,00
20.03.2018|приход|огородник|секатор обводной|2|62,00|0,00
20.03.2018|приход|огородник|тяпка садовая|3|30,00|0,00
20.03.2018|приход|огородник|фруктосъемник |4|12,00|0,00
20.03.2018|приход|огородник|фруктосъемник  (леска)|1|25,00|0,00
20.03.2018|приход|огородник|Вожи|22|15,50|0,00
20.03.2018|приход|огородник|выбивалка|2|20,00|0,00
20.03.2018|приход|огородник|выбивалка|1|20,00|0,00
20.03.2018|приход|огородник|веник|1|35,00|0,00
20.03.2018|приход|огородник|веник длинная ручка|3|50,00|0,00
20.03.2018|приход|огородник|Колун 3 кг|1|205,00|0,00
20.03.2018|приход|огородник|Кувалда 2 кг|1|130,00|0,00
20.03.2018|приход|огородник|пила по дереву d 115*24 зуба|1|46,50|0,00
20.03.2018|приход|огородник|пила по дереву d 115*40 зуба|1|67,50|0,00
20.03.2018|приход|огородник|пила по дереву d 125 на болг|1|53,00|0,00
20.03.2018|приход|огородник|пила по дереву d 125*48 зуба|1|33,00|0,00
20.03.2018|приход|огородник|пила по дереву d 150*30 зуба|1|72,00|0,00
20.03.2018|приход|огородник|пила по дереву d 150*56 зуба|1|43,00|0,00
20.03.2018|приход|огородник|пила по дереву d 160*24 зуба|2|76,00|0,00
20.03.2018|приход|огородник|пила по дереву d 160*24 зуба|1|82,00|0,00
20.03.2018|приход|огородник|пила по дереву d 180*30 зуба|2|82,00|0,00
20.03.2018|приход|огородник|пила по дереву d 180*60 зуба|1|88,00|0,00
20.03.2018|приход|огородник|пила по дереву d 180*60 зуба|1|75,00|0,00
20.03.2018|приход|огородник|пила по дереву d 230*66 зуба|1|78,00|0,00
20.03.2018|приход|огородник|топор с рез дер ручкой technics 0,6кг|1|165,00|0,00
20.03.2018|приход|огородник|топор с рез ручкой technics 0,6кг|1|210,00|0,00
20.03.2018|приход|огородник|топор с рез ручкой technics 0,8кг|1|235,00|0,00
20.03.2018|приход|огородник|топор technics 0,8 кг|1|210,00|0,00
20.03.2018|приход|огородник|топор technics 1 кг|1|260,00|0,00
20.03.2018|приход|огородник|клин в топор|11|5,00|0,00
20.03.2018|приход|огородник|ручка на молоток|2|75,00|0,00
20.03.2018|приход|огородник|ручка на молоток|2|70,00|0,00
20.03.2018|приход|огородник|ручка на молоток|1|85,00|0,00
20.03.2018|приход|огородник|топорище б|4|25,00|0,00
20.03.2018|приход|огородник|топорище б|2|27,00|0,00
20.03.2018|приход|огородник|топорище деда|12|40,00|0,00
20.03.2018|приход|огородник|топорище м|17|15,00|0,00
20.03.2018|приход|огородник|топорище м|4|18,00|0,00
20.03.2018|приход|огородник|топорище маленький|17|28,00|0,00
20.03.2018|приход|огородник|черенок вилы|2|42,00|0,00
20.03.2018|приход|огородник|черенок грабли бук|8|22,00|0,00
20.03.2018|приход|огородник|черенок грабли осина|5|26,00|0,00
20.03.2018|приход|огородник|черенок колун с |13|27,00|0,00
20.03.2018|приход|огородник|черенок кувалды м|10|17,00|0,00
20.03.2018|приход|огородник|черенок лопата бук|19|22,00|0,00
20.03.2018|приход|огородник|черенок лопата осина|23|26,00|0,00
20.03.2018|приход|огородник|черенок молот б|8|8,00|0,00
20.03.2018|приход|огородник|черенок молот м|12|6,00|0,00
20.03.2018|приход|огородник|черенок молот с|2|7,00|0,00
20.03.2018|приход|огородник|черенок сапка бук |14|22,00|0,00
20.03.2018|приход|огородник|черенок сапка осина |35|26,00|0,00
20.03.2018|приход|огородник|хомут на косье|2|10,00|0,00
20.03.2018|приход|огородник|метла дереза|1|22,00|0,00
20.03.2018|приход|огородник|метла дереза с ручкой|1|28,00|0,00
20.03.2018|приход|огородник|метла круглая|2|42,00|0,00
20.03.2018|приход|огородник|метла плоская|3|48,00|0,00
20.03.2018|приход|огородник|щетка «Марта»|1|55,00|0,00
20.03.2018|приход|огородник|щетка автомоб|4|40,00|0,00
20.03.2018|приход|огородник|щетка скребок|2|70,00|0,00
20.03.2018|приход|огородник|щетка стекломойка|1|25,00|0,00
20.03.2018|приход|огородник|швабра полутер|1|145,00|0,00
20.03.2018|приход|огородник|швабра полутер|1|115,00|0,00
20.03.2018|приход|огородник|швабра полутер|1|100,00|0,00
20.03.2018|приход|огородник|швабра с отжимом|1|165,00|0,00
20.03.2018|приход|огородник|швабра с отжимом|1|137,00|0,00
20.03.2018|приход|огородник|швабра с отжимом|1|97,00|0,00
20.03.2018|приход|огородник|совок большой|5|69,00|0,00
20.03.2018|приход|огородник|совок нерж  б|1|55,00|0,00
20.03.2018|приход|огородник|совок нержав мален|3|40,00|0,00
20.03.2018|приход|огородник|совок нержав ср|2|45,00|0,00
20.03.2018|приход|огородник|совок пласт|4|10,00|0,00
20.03.2018|приход|огородник|совок с резинкой|4|18,00|0,00
20.03.2018|приход|огородник|совок с ручкой|3|13,00|0,00
20.03.2018|приход|огородник|тачка «будмонстер»|1|950,00|0,00
20.03.2018|приход|огородник|тачка двухколесная|1|1250,00|0,00
20.03.2018|приход|огородник|кий дер|5|18,00|0,00
20.03.2018|приход|огородник|кий мет|12|25,00|0,00
20.03.2018|приход|огородник|кий мет|4|23,00|0,00
20.03.2018|приход|огородник|запаска на швабру ж|2|36,00|0,00
20.03.2018|приход|огородник|запаска на швабру мягкая|1|41,00|0,00
20.03.2018|приход|огородник|насадка для полутера|2|53,00|0,00
20.03.2018|приход|огородник|насадка для полутера (макар)|1|60,00|0,00
20.03.2018|приход|огородник|насадка МОП «МІДІ»|1|36,00|0,00
20.03.2018|приход|огородник|насадка МОП «МEGA»|1|58,00|0,00
20.03.2018|приход|огородник|насадка МОП «Пастер»|1|45,00|0,00
20.03.2018|приход|огородник|насадка МОП «синтетика»|1|47,00|0,00
20.03.2018|приход|огородник|насадка МОП «Хозленд»|1|40,00|0,00
20.03.2018|приход|огородник|насадка МОП «Maxi»|1|45,00|0,00
20.03.2018|приход|огородник|насадка МОП міdi|1|36,00|0,00
20.03.2018|приход|огородник|насадка МОП хозленд мах|2|33,00|0,00
20.03.2018|приход|огородник|насадка МОП чиста хата|3|45,00|0,00
20.03.2018|приход|огородник|насадка МОП VORK синтетика|2|45,00|0,00
20.03.2018|приход|огородник|насадка на швабру|1|41,00|0,00
20.03.2018|приход|огородник|Насадка хозленд мах+|4|40,00|0,00
20.03.2018|приход|огородник|отжим на МОП|1|15,00|0,00
20.03.2018|приход|огородник|мухобойка|8|5,00|0,00
20.03.2018|приход|огородник|мышеловка дер|15|6,00|0,00
20.03.2018|приход|огородник|мышеловка мет|1|30,00|0,00
20.03.2018|приход|огородник|мышеловка мет |1|8,00|0,00
20.03.2018|приход|огородник|мышеловка пласм|1|8|0,00
20.03.2018|приход|огородник|поилка для цыплят|13|6,00|0,00
20.03.2018|приход|огородник|поилка для цыплят 3л|1|47,00|0,00
20.03.2018|приход|огородник|корм для цыплят 3л|1|55,00|0,00
20.03.2018|приход|огородник|кормушка для цыплят|23|8,00|0,00
20.03.2018|приход|огородник|кормушка для цыплят длин|10|28,00|0,00
20.03.2018|приход|огородник|отбойник в ДКУшку|1|25,00|0,00
20.03.2018|приход|огородник|сетка в ДКУшку|24|15,00|0,00
20.03.2018|приход|огородник|ошейник 20мм|5|18,00|0,00
20.03.2018|приход|огородник|ошейник 25мм|2|25,00|0,00
20.03.2018|приход|огородник|Ошейник 30 мм|6|32,00|0,00
20.03.2018|приход|огородник|Ошейник 30 мм|1|42,00|0,00
20.03.2018|приход|огородник|Ошейник 35 мм|5|30,00|0,00
20.03.2018|приход|огородник|Ошейник 35 мм|1|62,00|0,00
20.03.2018|приход|огородник|ошейник 40мм|5|41,00|0,00
20.03.2018|приход|огородник|Камера 3,5х8|2|58,00|0,00
20.03.2018|приход|огородник|Камера 3х8|1|47,00|0,00
20.03.2018|приход|огородник|Камера 4х8|1|62,00|0,00
20.03.2018|приход|огородник|камера на велосипед|4|69,00|0,00
20.03.2018|приход|огородник|камера на велосипед|2|47,00|0,00
20.03.2018|приход|огородник|камера на велосипед|1|75,00|0,00
20.03.2018|приход|огородник|колпачки для камер|10|1,50|0,00
20.03.2018|приход|огородник|колесо на тачку 3,5х8|1|227,00|0,00
20.03.2018|приход|огородник|колесо на тачку 4х8|1|302,00|0,00
20.03.2018|приход|огородник|Скат с камерой 3,5х8|1|153,00|0,00
20.03.2018|приход|огородник|Скат с камерой 3х8|1|142,00|0,00
20.03.2018|приход|огородник|Скат с камерой 3х8|1|137,00|0,00
20.03.2018|приход|огородник|Скат с камерой 4х3,50|1|110,00|0,00
20.03.2018|приход|огородник|Бутылка 110*50|6|19,00|0,00
20.03.2018|приход|огородник|Бутылка 124*110|7|21,00|0,00
20.03.2018|приход|огородник|Бутылка 50*70|7|16,00|0,00
20.03.2018|приход|огородник|насос для опрыскивания|1|45,00|0,00
20.03.2018|приход|огородник|опрыскиватель Лемира       8л|2|300,00|0,00
20.03.2018|приход|огородник|опрыскиватель Лемира   10л|1|380,00|0,00
20.03.2018|приход|огородник|крест для полива ¾ х 1|1|7,00|0,00
20.03.2018|приход|огородник|курок на опрыскив ручка|3|42,00|0,00
20.03.2018|приход|огородник|пистолет для полива |1|176,00|0,00
20.03.2018|приход|огородник|пистолет для полива АР 2002|1|75,00|0,00
20.03.2018|приход|огородник|пистолет для полива мет нос|1|70,00|0,00
20.03.2018|приход|огородник|пистолет для полива Verano|2|50,00|0,00
20.03.2018|приход|огородник|пистолет полив|1|45,00|0,00
20.03.2018|приход|огородник|поливалка |1|33,00|0,00
20.03.2018|приход|огородник|Поливалка 10 л|3|65,00|0,00
20.03.2018|приход|огородник|поливалка 10л|1|95,00|0,00
20.03.2018|приход|огородник|поливалка 12л|4|48,00|0,00
20.03.2018|приход|огородник|поливалка 6л|1|48,00|0,00
20.03.2018|приход|огородник|поливалка 8л|2|55,00|0,00
20.03.2018|приход|огородник|рассееватель (ракушка)|1|21,00|0,00
20.03.2018|приход|огородник|рассееватель (шар)|3|19,00|0,00
20.03.2018|приход|огородник|рассееватель полив 3й|1|20,00|0,00
20.03.2018|приход|огородник|рассееватель полив 5й|3|23,00|0,00
20.03.2018|приход|огородник|рассеиватель на бутылку|20|12,50|0,00
20.03.2018|приход|огородник|рассеиватель полив 4-я|4|20,00|0,00
20.03.2018|приход|огородник|рассеиватель полив 4-я|1|24,00|0,00
20.03.2018|приход|огородник|соединен полив|48|3,50|0,00
20.03.2018|приход|огородник|соединит полив ½|219|3,00|0,00
20.03.2018|приход|огородник|соединит полив ½* ¾|12|3,50|0,00
20.03.2018|приход|огородник|соед полива ½|9|20,00|0,00
20.03.2018|приход|огородник|соед полива ¾|2|20,00|0,00
20.03.2018|приход|огородник|соеденитель полив ½|1|2,50|0,00
20.03.2018|приход|огородник|соеденитель полив ¾|1|3,50|0,00
20.03.2018|приход|огородник|соедин поливочного шланга|6|6,50|0,00
20.03.2018|приход|огородник|тройник полив ½ х¾|2|5,00|0,00
20.03.2018|приход|огородник|тройник полив желт ¾|120|3,50|0,00
20.03.2018|приход|огородник|Тройник 5/4 полив|2|18,00|0,00
20.03.2018|приход|огородник|тройник полив синий ¾|13|7,50|0,00
20.03.2018|приход|огородник|удочка на опрыскив|2|18,00|0,00
20.03.2018|приход|огородник|улитка полив б|1|22,00|0,00
20.03.2018|приход|огородник|улитка полив м|1|15,00|0,00
20.03.2018|приход|огородник|улитка полив м|1|12,00|0,00
20.03.2018|приход|огородник|улитка полив с|1|18,00|0,00
20.03.2018|приход|огородник|улитка полив с с держ|1|20,00|0,00
20.03.2018|приход|огородник|умывальник дачный|1|63,00|0,00
20.03.2018|приход|огородник|умывальник дачный 10 л|1|115,00|0,00
20.03.2018|приход|огородник|шланг на насос опрыск|4|15,00|0,00
20.03.2018|приход|огородник|планка на забор 2 м цветн|6|35,00|0,00
20.03.2018|приход|огородник|сетка оградительная 50х100|10|70,00|0,00
20.03.2018|приход|огородник|сетка рабица 35х35 1,2х10 оцинк|1|355,00|0,00
20.03.2018|приход|огородник|сетка рабица 35х35 1,2х10 оцинк|1|335,00|0,00
20.03.2018|приход|огородник|сетка рабица 35х35 1,5х10 оцинк|1|445,00|0,00
20.03.2018|приход|огородник|сетка рабица 35х35 чер 1,5 м|1|375,00|0,00
20.03.2018|приход|огородник|сетка рабица 50х50|3|250,00|0,00
20.03.2018|приход|огородник|сетка рабица 50х50 1,5х10 оцинк|1|365,00|0,00
20.03.2018|приход|огородник|сетка рабица 50х50 1,5х10 черн|1|300,00|0,00
20.03.2018|приход|огородник|сетка рабица 60*60 1,5*10м оцинк|1|330,00|0,00
20.03.2018|приход|огородник|сетка рабица 60х60 1,5х10 оцинк|1|330,00|0,00
20.03.2018|приход|огородник|сетка рабица 60х60 1,5х10 оцинк|1|225,00|0,00
20.03.2018|приход|огородник|сетка рабица 60х60 1,5х10 черн|1|228,00|0,00
20.03.2018|приход|огородник|сетка рабица оцинк 35*35 15*10|1|445,00|0,00
20.03.2018|приход|огородник|сетка рабица чорна 35х35 1,5*10м|2|375,00|0,00
20.03.2018|приход|огородник|сетка рабица чорна 50*50 1,5*10м|4|300,00|0,00
20.03.2018|приход|огородник|сетка рабица чорна 60*60 15*10м|1|288,00|0,00
20.03.2018|приход|огородник|сетка рабица50*50 1,5*10м оцинк|1|350,00|0,00
20.03.2018|приход|огородник|сетка фасад желтая|23|18,00|0,00
20.03.2018|приход|огородник|сетка фасад зеленая|1,5|13,00|0,00
20.03.2018|приход|огородник|сетка фасад оранжевая|3|14,00|0,00
20.03.2018|приход|огородник|сетка фасад синяя|51|12,00|0,00
20.03.2018|приход|огородник|сетка фасад синяя|29|13,50|0,00
20.03.2018|приход|огородник|Тент 3х4|1|95,00|0,00
20.03.2018|приход|огородник|Тент 3х5|1|120,00|0,00
20.03.2018|приход|огородник|Тент 3х5|1|105,00|0,00
20.03.2018|приход|огородник|Тент усиленный 3х4|1|175,00|0,00
20.03.2018|приход|огородник|Тент усиленный 4х5|1|285,00|0,00
20.03.2018|приход|огородник|цв горшок висяч|10|26,00|0,00
20.03.2018|приход|огородник|цв горшок подвесн|2|7,00|0,00
20.03.2018|приход|огородник|цв горшок подвесн|2|5,00|0,00
20.03.2018|приход|огородник|цветочный горшок  (Дания) 18 см |1|13,00|0,00
20.03.2018|приход|огородник|цветочный горшок «Николь» 11 см|1|13,00|0,00
20.03.2018|приход|огородник|цветочный горшок «Николь» 28 см|2|60,00|0,00
20.03.2018|приход|огородник|цветочный горшок «Терра» 30 см|1|77,00|0,00
20.03.2018|приход|огородник|цветочный горшок (волна) 24 см|5|37,00|0,00
20.03.2018|приход|огородник|цветочный горшок (волна) 28 см|3|54,00|0,00
20.03.2018|приход|огородник|цветочный горшок (греческий) 13,5 см|2|8,00|0,00
20.03.2018|приход|огородник|цветочный горшок (дания) 14 см|2|8,50|0,00
20.03.2018|приход|огородник|цветочный горшок (Тера) 22см |1|25,00|0,00
20.03.2018|приход|огородник|цветочный горшок бел |5|27,00|0,00
20.03.2018|приход|огородник|цветочный горшок бел |5|18,00|0,00
20.03.2018|приход|огородник|цветочный горшок бел |5|13,00|0,00
20.03.2018|приход|огородник|цветочный горшок бел |5|11,00|0,00
20.03.2018|приход|огородник|цветочный горшок белый (Николь) 14 см|5|18,00|0,00
20.03.2018|приход|огородник|цветочный горшок белый (Николь) 19 см|10|28,00|0,00
20.03.2018|приход|огородник|цветочный горшок бол|1|125,00|0,00
20.03.2018|приход|огородник|цветочный горшок Волна 16см|5|16,00|0,00
20.03.2018|приход|огородник|цветочный горшок Волна 20см|5|27,00|0,00
20.03.2018|приход|огородник|цветочный горшок длиный|1|80,00|0,00
20.03.2018|приход|огородник|цветочный горшок квадр под кактус б|12|7,50|0,00
20.03.2018|приход|огородник|цветочный горшок квадр под кактус м|7|5,50|0,00
20.03.2018|приход|огородник|цветочный горшок квадр под кактус м|1|9,00|0,00
20.03.2018|приход|огородник|цветочный горшок коричнев |5|13,00|0,00
20.03.2018|приход|огородник|цветочный горшок коричнев |5|11,00|0,00
20.03.2018|приход|огородник|цветочный горшок коричнев |3|18,00|0,00
20.03.2018|приход|огородник|цветочный горшок коричнев (Николь) 19 см|2|27,00|0,00
20.03.2018|приход|огородник|цветочный горшок коричнев (Николь) 22 см|7|33,50|0,00
20.03.2018|приход|огородник|цветочный горшок николь бел 22см|5|33,50|0,00
20.03.2018|приход|огородник|цветочный горшок орхид|1|25,00|0,00
20.03.2018|приход|огородник|цветочный горшок орхид|1|23,00|0,00
20.03.2018|приход|огородник|цветочный горшок орхид б|1|35,00|0,00
20.03.2018|приход|огородник|цветочный горшок под орхидею б|1|33,00|0,00
20.03.2018|приход|семена|базилик фиолет|4|6,00|0,00
20.03.2018|приход|семена|горох детский сахар|6|20,00|0,00
20.03.2018|приход|семена|горох Сах медовик|3|35,00|0,00
20.03.2018|приход|семена|Дыня Амал F1|6|15,00|0,00
20.03.2018|приход|семена|дыня Колхозница|7|15,00|0,00
20.03.2018|приход|семена|кабачок Агронавт|14|2,50|0,00
20.03.2018|приход|семена|кабачок Агронавт|3|2,50|0,00
20.03.2018|приход|семена|кабачок Золотинка|1|2,50|0,00
20.03.2018|приход|семена|кабачок ран Красавчик|15|2,50|0,00
20.03.2018|приход|семена|кабачок Цукеша|4|2,50|0,00
20.03.2018|приход|семена|Капуста Агрия F1|5|6,00|0,00
20.03.2018|приход|семена|Капуста Белокачанная|4|5,00|0,00
20.03.2018|приход|семена|капуста Жара F1|17|5,00|0,00
20.03.2018|приход|семена|капуста Жара F1|2|6,00|0,00
20.03.2018|приход|семена|Капуста Июньская|4|5,00|0,00
20.03.2018|приход|семена|капуста каменная голова|16|5,00|0,00
20.03.2018|приход|семена|Капуста Красный топаз|7|5,00|0,00
20.03.2018|приход|семена|крес-салат|3|5,00|0,00
20.03.2018|приход|семена|кукуруза Ароматная|8|6,00|0,00
20.03.2018|приход|семена|кукуруза Сахарная|7|6,00|0,00
20.03.2018|приход|семена|лук батун|3|2,50|0,00
20.03.2018|приход|семена|лук батун|3|2,50|0,00
20.03.2018|приход|семена|лук на зелень|12|2,50|0,00
20.03.2018|приход|семена|лук Стригуновский|6|2,50|0,00
20.03.2018|приход|семена|огурец Бригадный |16|45,00|0,00
20.03.2018|приход|семена|огурец Бригадный F1|17|45,00|0,00
20.03.2018|приход|семена|огурец джерело|17|45,00|0,00
20.03.2018|приход|семена|огурец китайское чудо|1|5,00|0,00
20.03.2018|приход|семена|огурец Феникс|6|6,00|0,00
20.03.2018|приход|семена|перец Богдан|16|41,00|0,00
20.03.2018|приход|семена|перец Винни-пух|22|48,00|0,00
20.03.2018|приход|семена|перец Пионер|18|48,00|0,00
20.03.2018|приход|семена|петрушка  кучерява|1|5,00|0,00
20.03.2018|приход|семена|петрушка листов аромат|3|6,00|0,00
20.03.2018|приход|семена|редис Ал любовь|1|24,00|0,00
20.03.2018|приход|семена|салат латук|8|6,00|0,00
20.03.2018|приход|семена|салат Одесский кучер|9|6,00|0,00
20.03.2018|приход|семена|свекла Бордо 237|5|5,00|0,00
20.03.2018|приход|семена|свекла винегрет|4|5,00|0,00
20.03.2018|приход|семена|свекла Египет плоск|4|6,00|0,00
20.03.2018|приход|семена|свекла Ривал|5|5,00|0,00
20.03.2018|приход|семена|свекла цилиндр|1|6,00|0,00
20.03.2018|приход|семена|свекла Цыганочка|2|6,00|0,00
20.03.2018|приход|семена|Томат Батяня|16|5,00|0,00
20.03.2018|приход|семена|Томат Дар Заволжья|2|5,00|0,00
20.03.2018|приход|семена|Томат Де-барао роз|4|5,00|0,00
20.03.2018|приход|семена|томат Искорка|5|5,00|0,00
20.03.2018|приход|семена|Томат Ляна|9|6,00|0,00
20.03.2018|приход|семена|Томат Ляна розов|18|6,00|0,00
20.03.2018|приход|семена|Томат Настенька|22|6,00|0,00
20.03.2018|приход|семена|томат Фатима|7|6,00|0,00
20.03.2018|приход|семена|тыква Арабатская|1|5,00|0,00
20.03.2018|приход|семена|тыква Титан|4|5,00|0,00
20.03.2018|приход|семена|тыква Укр многоплод|8|5,00|0,00
20.03.2018|приход|семена|укроп грибовский|1|5,00|0,00
20.03.2018|приход|семена|цветы Бархатцы манд мал|22|5,00|0,00
20.03.2018|приход|семена|цветы Бархатцы низкоросл|3|6,00|0,00
20.03.2018|приход|семена|цветы иполия|2|6,00|0,00
20.03.2018|приход|семена|цветы маргаритка махров|2|5,00|0,00
20.03.2018|приход|семена|цветы матиола|3|7,00|0,00
20.03.2018|приход|семена|цветы Низкоросл бол|5|7,00|0,00
20.03.2018|приход|семена|цветы портулак|4|7,00|0,00
20.03.2018|приход|семена|цветы ромашка круп бол|6|7,00|0,00
20.03.2018|приход|семена|цветы цыния|1|6,00|0,00
20.03.2018|приход|семена|цветыГеоргина Вес |3|7,00|0,00
20.03.2018|приход|семена|щавель Широколист|4|6,00|0,00
20.03.2018|приход|отрава|отрава стакан БРОД|4|12,00|0,00
20.03.2018|приход|отрава|яд  в банке антимышь|4|15,00|0,00
20.03.2018|приход|отрава|яд  от крота 70г|1|12,00|0,00
20.03.2018|приход|отрава|яд анти-анти медведка 120|9|10,00|0,00
20.03.2018|приход|отрава|яд антидуст от тараканов|6|10,00|0,00
20.03.2018|приход|отрава|яд антикрот 60г|1|10,00|0,00
20.03.2018|приход|отрава|яд антимедведка 120г|1|10,00|0,00
20.03.2018|приход|отрава|яд антимедведка 500г|4|26,00|0,00
20.03.2018|приход|отрава|яд антимуравьин|1|12,00|0,00
20.03.2018|приход|отрава|яд антимуравьин|1|10,00|0,00
20.03.2018|приход|отрава|яд багира 100г|2|10,00|0,00
20.03.2018|приход|отрава|яд багира 100г|1|15,00|0,00
20.03.2018|приход|отрава|яд байт от мух|1|7,00|0,00
20.03.2018|приход|отрава|яд дуст|1|11,00|0,00
20.03.2018|приход|отрава|яд истребитель 300г|1|12,00|0,00
20.03.2018|приход|отрава|яд крысиная смерть|11|15,00|0,00
20.03.2018|приход|отрава|яд крысиная смерть 100г|2|10,00|0,00
20.03.2018|приход|отрава|яд крысолов 600г|1|20,00|0,00
20.03.2018|приход|отрава|яд липучка от крыс б|4|30,00|0,00
20.03.2018|приход|отрава|яд липучка от крыс м|4|20,00|0,00
20.03.2018|приход|отрава|яд от жука|1|7,00|0,00
20.03.2018|приход|отрава|яд от крыс в банке щелкунчик|3|12,00|0,00
20.03.2018|приход|отрава|яд от тараканов |2|30,00|0,00
20.03.2018|приход|отрава|Яд раундап от сорняков|6|40,00|0,00
20.03.2018|приход|отрава|яд ураган от сорняков|3|45,00|0,00
20.03.2018|приход|отрава|яд щелкунчик 100г|6|15,00|0,00
20.03.2018|приход|отрава|яд щелкунчик 100г|1|8,00|0,00
20.03.2018|приход|отрава|яд щелкунчик 150г|6|12,00|0,00
20.03.2018|приход|отрава|яд щелкунчик 500г|1|20,00|0,00
20.03.2018|приход|отрава|яд Rembek 220г|1|10,00|0,00
20.03.2018|приход|отрава|яд Remdek от крота|2|11,00|0,00
20.03.2018|приход|отрава|яд Remdek от медведки |9|12,00|0,00
20.03.2018|приход|отрава|липучка для моли|12|6,00|0,00
20.03.2018|приход|отрава|липучка для мух|75|4,00|0,00
20.03.2018|приход|отрава|пластины от комаров|15|0,80|0,00
20.03.2018|приход|отрава|жидкость от комаров дет|1|30,00|0,00
20.03.2018|приход|отрава|фумигатор под жидк от комаров|2|25,00|0,00
20.03.2018|приход|отрава|фумигатор под жидк от комаров|4|20,00|0,00
20.03.2018|приход|отрава|фумигатор под жидк от комаров|1|30,00|0,00
20.03.2018|приход|отрава|фумигатор под жидк от комаров|3|16,00|0,00
20.03.2018|приход|отрава|жидкость от комаров |4|19,00|0,00
20.03.2018|приход|отрава|жидкость от комаров Чистый дом|2|25,00|0,00
20.03.2018|приход|отрава|бордоская смесь|7|16,00|0,00
20.03.2018|приход|отрава|железный купорос 500г|14|16,00|0,00
20.03.2018|приход|отрава|медный купорос|95|5,00|0,00
20.03.2018|приход|огородник|земля «Полиська» 10л|1|38,00|0,00
20.03.2018|приход|огородник|земля «Полиська» 2,5л|1|15,00|0,00
20.03.2018|приход|огородник|земля «Полиська» 5л|1|25,00|0,00
20.03.2018|приход|огородник|земля «Универсал» 10л|1|29,00|0,00
20.03.2018|приход|огородник|земля «Универсал» 3л|1|12,00|0,00
20.03.2018|приход|огородник|земля «Универсал» 7л|1|21,00|0,00
20.03.2018|приход|огородник|земля 2кг|3|10,00|0,00
20.03.2018|приход|огородник|земля 3кг|3|15,00|0,00
20.03.2018|приход|огородник|земля 5кг|2|22,00|0,00
20.03.2018|приход|огородник|земля 6кг|2|28,00|0,00
20.03.2018|приход|огородник|земля Панська  10кг|3|38,00|0,00
20.03.2018|приход|огородник|земля Панська  2,5кг|7|15,00|0,00
20.03.2018|приход|огородник|земля Панська  5кг|10|25,00|0,00
20.03.2018|приход|огородник|земля Панська  5кг|2|36,00|0,00
20.03.2018|приход|огородник|земля Полтавщина 4л|1|15,00|0,00
20.03.2018|приход|огородник|земля универс 10л|5|29,00|0,00
20.03.2018|приход|огородник|земля универсал 3л|7|12,00|0,00
20.03.2018|приход|огородник|земля универсал 7л|6|21,00|0,00
20.03.2018|приход|огородник|контейнер под рассаду б|4|20,00|0,00
20.03.2018|приход|огородник|контейнер под рассаду м|4|12,00|0,00
20.03.2018|приход|огородник|контейнер под рассаду с|3|15,00|0,00
20.03.2018|приход|огородник|лесенка на цветы б|5|9,00|0,00
20.03.2018|приход|огородник|лесенка на цветы м|5|4,50|0,00
20.03.2018|приход|огородник|лесенка на цветы с|4|6,00|0,00
20.03.2018|приход|огородник|Краска Мичурин 1,3 кг|2|30,00|0,00
20.03.2018|приход|огородник|Краска Мичурин 2,8 кг|2|65,00|0,00
20.03.2018|приход|огородник|подкормка растений|2|35,00|0,00
20.03.2018|приход|огородник|удобрение для цветов|1|17,00|0,00
20.03.2018|приход|огородник|формы для рассады  (36 яч с торфом)|1|45,00|0,00
20.03.2018|приход|огородник|формы для рассады  (36 яч)|1|26,00|0,00
20.03.2018|приход|огородник|формы для рассады  (50 яч)|5|32,00|0,00
20.03.2018|приход|огородник|формы для рассады  (50 яч)|4|25,00|0,00
20.03.2018|приход|огородник|антисептик по дер 2л|1|45,00|0,00
20.03.2018|приход|огородник|антисептик по дер 5л|1|95,00|0,00
20.03.2018|приход|огородник|антисептик по дереву 1л|3|26,00|0,00
20.03.2018|приход|канцтовары|карандаш простой|2|2,5|0,00
20.03.2018|приход|канцтовары|карандаш простой|12|3|0,00
20.03.2018|приход|канцтовары|карандаш цв упаковка|1|18|0,00
20.03.2018|приход|канцтовары|кисточка для рисования|2|7|0,00
20.03.2018|приход|канцтовары|кисточка для рисования|8|4,75|0,00
20.03.2018|приход|канцтовары|маркер б|16|7|0,00
20.03.2018|приход|канцтовары|маркер м|15|7,5|0,00
20.03.2018|приход|канцтовары|маркер цвет|1|20|0,00
20.03.2018|приход|канцтовары|обложка паспорта|3|29|0,00
20.03.2018|приход|канцтовары|ручка шариковая синяя|10|3,5|0,00
20.03.2018|приход|канцтовары|ручка шариковая синяя|19|2,5|0,00
20.03.2018|приход|канцтовары|скотч канцелярский|1|4|0,00
20.03.2018|приход|текстиль|иглы для швейн машинки|8|8,00|0,00
20.03.2018|приход|текстиль|иглы набор|7|8,00|0,00
20.03.2018|приход|текстиль|Метр тряпчан|1|10,00|0,00
20.03.2018|приход|текстиль|набор постели 1,5х сп|2|305,00|0,00
20.03.2018|приход|текстиль|набор постели 2х сп|2|190,00|0,00
20.03.2018|приход|текстиль|наволочка 70х70|15|28,00|0,00
20.03.2018|приход|текстиль|нитки х/б цв|6|4,00|0,00
20.03.2018|приход|текстиль|нитки х/б №10 черн,бел|17|4,00|0,00
20.03.2018|приход|текстиль|нитки х/б №40|3|3,00|0,00
20.03.2018|приход|текстиль|нитки х/б №40|1|3,00|0,00
20.03.2018|приход|текстиль|носки жен теплые|1|18,00|0,00
20.03.2018|приход|текстиль|носки муж теплые|1|20,00|0,00
20.03.2018|приход|текстиль|носки муж тонкие|1|12,00|0,00
20.03.2018|приход|текстиль|одеяло шерсть  1,5сп|3|270,00|0,00
20.03.2018|приход|текстиль|одеяло шерсть  2сп|3|320,00|0,00
20.03.2018|приход|текстиль|одеяло шерсть  евро|1|375,00|0,00
20.03.2018|приход|текстиль|одеяло шерсть мех 1,5сп|1|370,00|0,00
20.03.2018|приход|текстиль|одеяло шерсть мех 2сп|1|405,00|0,00
20.03.2018|приход|текстиль|одеяло шерсть мех евро|1|400,00|0,00
20.03.2018|приход|текстиль|одеяло шерсть силикон 1,5сп|6|150,00|0,00
20.03.2018|приход|текстиль|одеяло шерсть силикон 2сп|7|165,00|0,00
20.03.2018|приход|текстиль|Плед 1,5 сп|1|225,00|0,00
20.03.2018|приход|текстиль|Пододеяльник 2 сп|2|80,00|0,00
20.03.2018|приход|текстиль|подушка силик 70х70|6|65,00|0,00
20.03.2018|приход|текстиль|подушка холаф 70х50|9|110,00|0,00
20.03.2018|приход|текстиль|подушка холаф 70х70|8|125,00|0,00
20.03.2018|приход|текстиль|полотенце банное|6|140,00|0,00
20.03.2018|приход|текстиль|полотенце банное|4|115,00|0,00
20.03.2018|приход|текстиль|полотенце банное|6|100,00|0,00
20.03.2018|приход|текстиль|полотенце лицо мех|3|45,00|0,00
20.03.2018|приход|текстиль|Простынь 1,5 сп|4|68,00|0,00
20.03.2018|приход|текстиль|Простынь 2 сп|1|85,00|0,00
20.03.2018|приход|текстиль|резинка х/б |8|13,00|0,00
20.03.2018|приход|текстиль|резинка х/б |11|12,00|0,00
20.03.2018|приход|текстиль|резинка х/б |10|11,00|0,00
20.03.2018|приход|текстиль|резинка х/б толст|2|22,00|0,00
20.03.2018|приход|текстиль|резинка хоз|4|8,50|0,00
20.03.2018|приход|текстиль|сумка хоз 2|8|10,00|0,00
20.03.2018|приход|текстиль|сумка хоз 3|5|13,00|0,00
20.03.2018|приход|текстиль|тряпка д/пола|1|16,00|0,00
20.03.2018|приход|текстиль|тряпка д/пола|1|15,00|0,00
20.03.2018|приход|посуда|банка (300 мл 3 шт) набор|2|46,00|0,00
20.03.2018|приход|посуда|банка 100г набор|1|43,00|0,00
20.03.2018|приход|посуда|банка для сыпуч продуктов Женева набор|1|50,00|0,00
20.03.2018|приход|посуда|банка для сыпуч продуктов кармен набор|6|46,00|0,00
20.03.2018|приход|посуда|банка Женева (3 шт) набор|1|50,00|0,00
20.03.2018|приход|посуда|банка Bianca 3 шт набор|1|55,00|0,00
20.03.2018|приход|посуда|банка Katrin (3 шт) набор|1|56,00|0,00
20.03.2018|приход|посуда|Банки 0,5 л |9|4,25|0,00
20.03.2018|приход|посуда|Банки 0,5л евро|29|4,50|0,00
20.03.2018|приход|посуда|Банки 1 л |4|6,00|0,00
20.03.2018|приход|посуда|Банки 1,5 л |16|10,00|0,00
20.03.2018|приход|посуда|Банки 1,5 л евро|1|10,25|0,00
20.03.2018|приход|посуда|Банки 1,5л евро|5|10,15|0,00
20.03.2018|приход|посуда|Банки 2 л |6|12,50|0,00
20.03.2018|приход|посуда|Банки 2 л евро|8|12,50|0,00
20.03.2018|приход|посуда|банкодержатель|3|20,00|0,00
20.03.2018|приход|посуда|банок выпариватель |10|13,00|0,00
20.03.2018|приход|посуда|барбекюшница б|1|195,00|0,00
20.03.2018|приход|посуда|барбекюшница м|1|100,00|0,00
20.03.2018|приход|посуда|барбекюшница с|1|125,00|0,00
20.03.2018|приход|посуда|бочка пищевая 20 л|1|125,00|0,00
20.03.2018|приход|посуда|бочка пищевая 30 л|1|251,00|0,00
20.03.2018|приход|посуда|бочка пищевая 40 л|1|207,00|0,00
20.03.2018|приход|посуда|бочка пищевая 50 л|1|325,00|0,00
20.03.2018|приход|посуда|бочка черная  125 л|2|465,00|0,00
20.03.2018|приход|посуда|бочка черная 40 л|1|175,00|0,00
20.03.2018|приход|посуда|бочка черная 50 л|1|176,00|0,00
20.03.2018|приход|посуда|бочка черная 60 л|1|212,00|0,00
20.03.2018|приход|посуда|ваза стекло|1|90,00|0,00
20.03.2018|приход|посуда|ванночка б|1|28,00|0,00
20.03.2018|приход|посуда|ванночка м|1|11,00|0,00
20.03.2018|приход|посуда|ванночка м|1|8,00|0,00
20.03.2018|приход|посуда|ванночка с|1|10,00|0,00
20.03.2018|приход|посуда|варенница дюраль|1|30,00|0,00
20.03.2018|приход|посуда|ведро МОП 13л|1|83,00|0,00
20.03.2018|приход|посуда|ведро МОП 14л|1|76,00|0,00
20.03.2018|приход|посуда|ведро мусорное 1,7л|1|30,50|0,00
20.03.2018|приход|посуда|ведро мусорное 5л|2|42,00|0,00
20.03.2018|приход|посуда|ведро мусорное 9л|1|72,00|0,00
20.03.2018|приход|посуда|ведро оцинк 10 л|9|46,00|0,00
20.03.2018|приход|посуда|ведро оцинк 12 л|14|52,00|0,00
20.03.2018|приход|посуда|ведро оцинк 15 л|12|59,00|0,00
20.03.2018|приход|посуда|ведро оцинк 5 л|2|28,00|0,00
20.03.2018|приход|посуда|ведро оцинк 7 л|2|32,00|0,00
20.03.2018|приход|посуда|ведро оцинк 7 л|1|33,00|0,00
20.03.2018|приход|посуда|ведро пищевое 7 л|1|25,00|0,00
20.03.2018|приход|посуда|ведро пласт 5 л|4|20,00|0,00
20.03.2018|приход|посуда|ведро пласт 7 л|4|25,00|0,00
20.03.2018|приход|посуда|ведро пласт пищевое 10 л|5|45,00|0,00
20.03.2018|приход|посуда|ведро пласт строит 12 л|4|35,00|0,00
20.03.2018|приход|посуда|ведро пласт строит 20 л|1|53,00|0,00
20.03.2018|приход|посуда|ведро пласт цветное 10 л|5|37,00|0,00
20.03.2018|приход|посуда|ведро пласт черн 10 л|7|23,00|0,00
20.03.2018|приход|посуда|ведро под швабру 10л|3|59,00|0,00
20.03.2018|приход|посуда|ведро под швабру 12л|1|62,00|0,00
20.03.2018|приход|посуда|ведро с крышкой  пласт 10 л|5|64,00|0,00
20.03.2018|приход|посуда|ведро с крышкой пласт   5 л|5|39,00|0,00
20.03.2018|приход|посуда|ведро строит 16 л|4|32,00|0,00
20.03.2018|приход|посуда|ведро строит 16 л|3|48,00|0,00
20.03.2018|приход|посуда|ведро строит 20 л|3|43,00|0,00
20.03.2018|приход|посуда|ведро строит 25 л|2|56,00|0,00
20.03.2018|приход|посуда|ведро строит пласт 16 л|4|46,00|0,00
20.03.2018|приход|посуда|ведро туал  мал|1|145,00|0,00
20.03.2018|приход|посуда|ведро туал бол|1|150,00|0,00
20.03.2018|приход|посуда|вилка ст|8|7,50|0,00
20.03.2018|приход|посуда|вилка ст|6|22,00|0,00
20.03.2018|приход|посуда|вилка ст|3|20,00|0,00
20.03.2018|приход|посуда|вилка ст|1|10,00|0,00
20.03.2018|приход|посуда|выварка оцинк 10 л|1|100,00|0,00
20.03.2018|приход|посуда|горшок дет |1|58,00|0,00
20.03.2018|приход|посуда|для торта  набор|1|185,00|0,00
20.03.2018|приход|посуда|доска кух  м дерев|1|10,00|0,00
20.03.2018|приход|посуда|доска кух  с дерев|3|12,00|0,00
20.03.2018|приход|посуда|Доска кух б дерев|1|55,00|0,00
20.03.2018|приход|посуда|Доска кух б дерев|1|15,00|0,00
20.03.2018|приход|посуда|доска кух м дерев|4|45,00|0,00
20.03.2018|приход|посуда|доска разделочная  дер|1|29,00|0,00
20.03.2018|приход|посуда|доска разделочная б дер|2|50,00|0,00
20.03.2018|приход|посуда|доска разделочная б пластик|1|22,00|0,00
20.03.2018|приход|посуда|доска разделочная м дер|1|10,00|0,00
20.03.2018|приход|посуда|доска разделочная м пластик|1|20,00|0,00
20.03.2018|приход|посуда|друшлаг пласм|2|15,00|0,00
20.03.2018|приход|посуда|друшлак эмалир|1|90,00|0,00
20.03.2018|приход|посуда|емкость для сыпуч|4|40,00|0,00
20.03.2018|приход|посуда|емкость для сыпучих 173|1|40,00|0,00
20.03.2018|приход|посуда|канистра пласм 10л|1|67,00|0,00
20.03.2018|приход|посуда|канистра пласм 20л|2|130,00|0,00
20.03.2018|приход|посуда|канистра пласм 5л|4|45,00|0,00
20.03.2018|приход|посуда|кантер 10кг|1|16,00|0,00
20.03.2018|приход|посуда|кантер 20кг|1|50,00|0,00
20.03.2018|приход|посуда|кантер электр|1|85,00|0,00
20.03.2018|приход|посуда|карандаш для чистки утюгов|1|8,00|0,00
20.03.2018|приход|посуда|картофемялка|1|23,00|0,00
20.03.2018|приход|посуда|кастрюля алюм 1,5л|1|185,00|0,00
20.03.2018|приход|посуда|кастрюля алюм 1,7л|1|120,00|0,00
20.03.2018|приход|посуда|кастрюля алюм 3л|1|155,00|0,00
20.03.2018|приход|посуда|кастрюля прозрачная 1,5 л|1|185,00|0,00
20.03.2018|приход|посуда|кастрюля чугунок 3л|1|173,00|0,00
20.03.2018|приход|посуда|кастрюля чугунок 4л|1|190,00|0,00
20.03.2018|приход|посуда|кастрюля чугунок 6л|1|215,00|0,00
20.03.2018|приход|посуда|кастрюля чугунок гусятница 4,5л|1|180,00|0,00
20.03.2018|приход|посуда|кастрюля эмал 3 шт  набор|1|660,00|0,00
20.03.2018|приход|посуда|кастрюля эмалированная белая 12л|1|385,00|0,00
20.03.2018|приход|посуда|кастрюля эмалированная белая 2л|2|156,00|0,00
20.03.2018|приход|посуда|кастрюля эмалированная белая 3л|1|175,00|0,00
20.03.2018|приход|посуда|кастрюля эмалированная белая 4,5л|1|255,00|0,00
20.03.2018|приход|посуда|кастрюля эмалированная белая 5,5л|1|265,00|0,00
20.03.2018|приход|посуда|кастрюля эмалированная белая 7 л|1|280,00|0,00
20.03.2018|приход|посуда|кастрюля эмалированная белая 9л|1|360,00|0,00
20.03.2018|приход|посуда|кастрюля эмалированная цветная 4,5 л|1|275,00|0,00
20.03.2018|приход|посуда|кисточка силикон б|1|16,00|0,00
20.03.2018|приход|посуда|кисточка силикон с|4|15,00|0,00
20.03.2018|приход|посуда|ключ закаточ|1|235,00|0,00
20.03.2018|приход|посуда|ключ закаточ|1|160,00|0,00
20.03.2018|приход|посуда|ключ закаточ|1|105,00|0,00
20.03.2018|приход|посуда|ключ закаточ|1|100,00|0,00
20.03.2018|приход|посуда|ковш эм 1,5л|1|120,00|0,00
20.03.2018|приход|посуда|ковшик нерж (м)|1|60,00|0,00
20.03.2018|приход|посуда|ковшик нерж (с)|1|75,00|0,00
20.03.2018|приход|посуда|ковшик плоский 1,5л|1|20,00|0,00
20.03.2018|приход|посуда|ковшик плоский 1л|1|12,00|0,00
20.03.2018|приход|посуда|колба в термос1л|1|75,00|0,00
20.03.2018|приход|посуда|контейнер пищ 0,4л|6|9,00|0,00
20.03.2018|приход|посуда|контейнер пищ 0,5л|5|13,50|0,00
20.03.2018|приход|посуда|контейнер пищ 0,85л|1|12,75|0,00
20.03.2018|приход|посуда|контейнер пищ 0,8л|6|15,00|0,00
20.03.2018|приход|посуда|контейнер пищ 1,2л|5|21,00|0,00
20.03.2018|приход|посуда|контейнер пищ 1,2л|1|18,00|0,00
20.03.2018|приход|посуда|контейнер пищ 1,5л|4|23,00|0,00
20.03.2018|приход|посуда|контейнер пищ 1,6л|1|21,00|0,00
20.03.2018|приход|посуда|контейнер пищ 1,8л|5|30,00|0,00
20.03.2018|приход|посуда|контейнер пищ 2,2л|3|33,00|0,00
20.03.2018|приход|посуда|контейнер пищ 2л|1|22,00|0,00
20.03.2018|приход|посуда|контейнер пищ 5л Lux|1|50,00|0,00
20.03.2018|приход|посуда|контейнер пищ Мой обед 0,3 л|1|11,50|0,00
20.03.2018|приход|посуда|контейнер пищ Мой обед 0,5 л|5|13,00|0,00
20.03.2018|приход|посуда|контейнер пищ Мой обед 0,7 л|5|14,00|0,00
20.03.2018|приход|посуда|контейнер пищ Мой обед 1 л|5|17,50|0,00
20.03.2018|приход|посуда|контейнер пищевой 0,8л|4|11,50|0,00
20.03.2018|приход|посуда|контейнер пищевой 1,2л|3|21,00|0,00
20.03.2018|приход|посуда|контейнер пищевой мой обед 1л|6|18,00|0,00
20.03.2018|приход|посуда|корзина для белья|1|255,00|0,00
20.03.2018|приход|посуда|крашка евро б|24|2,50|0,00
20.03.2018|приход|посуда|крашка евро м|16|2,25|0,00
20.03.2018|приход|посуда|кружка нерж 10см|5|31,00|0,00
20.03.2018|приход|посуда|кружка нерж 8см|1|32,00|0,00
20.03.2018|приход|посуда|кружка эм 1л|1|90,00|0,00
20.03.2018|приход|посуда|крышка в микроволновку|1|32,00|0,00
20.03.2018|приход|посуда|крышка закат|11|1,00|0,00
20.03.2018|приход|посуда|Лейка ( воронка) б|1|9,00|0,00
20.03.2018|приход|посуда|Лейка ( воронка) м|1|6,00|0,00
20.03.2018|приход|посуда|Лейка ( воронка) с|1|7,00|0,00
20.03.2018|приход|посуда|лейка большая|1|9,00|0,00
20.03.2018|приход|посуда|ложка б|1|45,00|0,00
20.03.2018|приход|посуда|ложка дерев|3|3,50|0,00
20.03.2018|приход|посуда|ложка дерев  набор|1|18,00|0,00
20.03.2018|приход|посуда|ложка дерев  набор|1|18,00|0,00
20.03.2018|приход|посуда|ложка ст|14|7,50|0,00
20.03.2018|приход|посуда|ложка ст|6|10,00|0,00
20.03.2018|приход|посуда|ложка ст|4|22,00|0,00
20.03.2018|приход|посуда|ложка ст|3|20,00|0,00
20.03.2018|приход|посуда|ложка чайн|12|6,00|0,00
20.03.2018|приход|посуда|ложка чайн|12|6,00|0,00
20.03.2018|приход|посуда|ложка чайн|2|10,00|0,00
20.03.2018|приход|посуда|лопатка силикон|3|25,00|0,00
20.03.2018|приход|посуда|мангал с шампурами|2|250,00|0,00
20.03.2018|приход|посуда|масленка|1|12,75|0,00
20.03.2018|приход|посуда|масленки|5|26,00|0,00
20.03.2018|приход|посуда|миска нерж №22|1|42,00|0,00
20.03.2018|приход|посуда|Миска пласм пищев 3л|1|28,00|0,00
20.03.2018|приход|посуда|Миска пласм пищев 5л|1|26,00|0,00
20.03.2018|приход|посуда|молоток дерев отбивной |3|15,00|0,00
20.03.2018|приход|посуда|молоток дерев отбивной |1|15,00|0,00
20.03.2018|приход|посуда|молоток дюраль отбивной |8|25,00|0,00
20.03.2018|приход|посуда|молоток мет отбивной |1|25,00|0,00
20.03.2018|приход|посуда|мусорное ведро сетк|2|30,00|0,00
20.03.2018|приход|посуда|мыльница на липуч|5|12,00|0,00
20.03.2018|приход|посуда|мыльница на липуч|3|10,00|0,00
20.03.2018|приход|посуда|мыльница с подставкой|4|5,50|0,00
20.03.2018|приход|посуда|мясорубка Полт|1|275,00|0,00
20.03.2018|приход|посуда|мясорубка Хар|1|186,00|0,00
20.03.2018|приход|посуда|нож|1|54,00|0,00
20.03.2018|приход|посуда|нож бармена|2|54,00|0,00
20.03.2018|приход|посуда|нож керамич|1|35,00|0,00
20.03.2018|приход|посуда|нож кухон |2|45,00|0,00
20.03.2018|приход|посуда|нож кухон |1|22,00|0,00
20.03.2018|приход|посуда|нож кухон |1|17,00|0,00
20.03.2018|приход|посуда|нож кухон |1|30,00|0,00
20.03.2018|приход|посуда|нож кухон дерев ручка|1|53,00|0,00
20.03.2018|приход|посуда|нож кухон коричн ручка больш|2|17,00|0,00
20.03.2018|приход|посуда|нож кухон коричн ручка мал|2|22,00|0,00
20.03.2018|приход|посуда|нож кухон мален|1|24,00|0,00
20.03.2018|приход|посуда|нож кухон мет|1|36,00|0,00
20.03.2018|приход|посуда|нож кухон обеден|23|22,00|0,00
20.03.2018|приход|посуда|нож кухон пилочка мал|5|9,00|0,00
20.03.2018|приход|посуда|нож кухон Трам боль|2|65,00|0,00
20.03.2018|приход|посуда|нож кухон Трам м|2|25,00|0,00
20.03.2018|приход|посуда|нож кухон Трам ср|1|41,00|0,00
20.03.2018|приход|посуда|нож кухон Трам ср|1|39,00|0,00
20.03.2018|приход|посуда|нож на мясорубку|8|12,00|0,00
20.03.2018|приход|посуда|нож на мясорубку|2|12,00|0,00
20.03.2018|приход|посуда|нож на мясорубку|1|12|0,00
20.03.2018|приход|посуда|нож пилочка|1|12,00|0,00
20.03.2018|приход|посуда|нож столовый|1|23,00|0,00
20.03.2018|приход|посуда|овощерезка пласм|11|5,00|0,00
20.03.2018|приход|посуда|овощерезка пласм|3|5,00|0,00
20.03.2018|приход|посуда|овощерезка чистка|1|13,00|0,00
20.03.2018|приход|посуда|Овощечистка бол|4|17,00|0,00
20.03.2018|приход|посуда|овощечистка мал|4|13,00|0,00
20.03.2018|приход|посуда|опол шум пластмасовые|9|22,00|0,00
20.03.2018|приход|посуда|открыватель  б Батлер|1|60,00|0,00
20.03.2018|приход|посуда|открыватель  мет для банок|1|35,00|0,00
20.03.2018|приход|посуда|открыватель  метал|2|15,00|0,00
20.03.2018|приход|посуда|открыватель банок|2|32,00|0,00
20.03.2018|приход|посуда|открыватель дерев|7|10,00|0,00
20.03.2018|приход|посуда|открыватель дерев ручка|2|15,00|0,00
20.03.2018|приход|посуда|открыватель дерев ручка|1|10,00|0,00
20.03.2018|приход|посуда|пельменница дюраль|1|30,00|0,00
20.03.2018|приход|посуда|пельменница пласм|2|25,00|0,00
20.03.2018|приход|посуда|пепельница|2|53,00|0,00
20.03.2018|приход|посуда|пиала|5|20,00|0,00
20.03.2018|приход|посуда|пиала керам|1|20,00|0,00
20.03.2018|приход|посуда|поднос квадрат |2|35,00|0,00
20.03.2018|приход|посуда|поднос круглый|2|32,00|0,00
20.03.2018|приход|посуда|подставка для ложек|1|35,00|0,00
20.03.2018|приход|посуда|половник|2|46,00|0,00
20.03.2018|приход|посуда|половник|1|46,00|0,00
20.03.2018|приход|посуда|половник б|1|67,00|0,00
20.03.2018|приход|посуда|решетка в мойку|1|7,50|0,00
20.03.2018|приход|посуда|ручка для крышки|2|15,00|0,00
20.03.2018|приход|посуда|Ручка Лида |1|16,00|0,00
20.03.2018|приход|посуда|рюмка  набор|4|40,00|0,00
20.03.2018|приход|посуда|рюмка  набор|2|40,00|0,00
20.03.2018|приход|посуда|салатник «Шафран»  набор|2|70,00|0,00
20.03.2018|приход|посуда|салатница б |1|70,00|0,00
20.03.2018|приход|посуда|салатница б |1|60,00|0,00
20.03.2018|приход|посуда|салатница м|1|37,00|0,00
20.03.2018|приход|посуда|санки|1|350,00|0,00
20.03.2018|приход|посуда|сахарница|1|33,00|0,00
20.03.2018|приход|посуда|ситечко в мойку мет|10|6,00|0,00
20.03.2018|приход|посуда|ситечко в раковину мет|8|3,00|0,00
20.03.2018|приход|посуда|ситечко в раковину пласм|3|1,50|0,00
20.03.2018|приход|посуда|ситечко для чая|2|30,00|0,00
20.03.2018|приход|посуда|сито  дер  набор|1|125,00|0,00
20.03.2018|приход|посуда|сито  мет  набор|1|160,00|0,00
20.03.2018|приход|посуда|скалка дерев|3|25,00|0,00
20.03.2018|приход|посуда|скалка дерев|1|25,00|0,00
20.03.2018|приход|посуда|сковорода  kamille 24|1|260,00|0,00
20.03.2018|приход|посуда|Сковорода 28 мм|1|335,00|0,00
20.03.2018|приход|посуда|сковорода Биола  алюм|1|116,00|0,00
20.03.2018|приход|посуда|сковорода Биола блин алюм|1|145,00|0,00
20.03.2018|приход|посуда|сковорода Биола блин батлер|1|130,00|0,00
20.03.2018|приход|посуда|спиртометр|9|9|0,00
20.03.2018|приход|посуда|стакан  набор|4|82,00|0,00
20.03.2018|приход|посуда|стакан высокий  набор|1|89,00|0,00
20.03.2018|приход|посуда|стакан мерный 1 л|3|25,00|0,00
20.03.2018|приход|посуда|стакан мерный 250 г|1|12,00|0,00
20.03.2018|приход|посуда|стакан мерный 500 г|1|13,00|0,00
20.03.2018|приход|посуда|стакан низкий  набор|2|82,00|0,00
20.03.2018|приход|посуда|судочки Мой обед  набор|1|33,00|0,00
20.03.2018|приход|посуда|сушка для посуды|1|204,00|0,00
20.03.2018|приход|посуда|сушка для посуды|1|155,00|0,00
20.03.2018|приход|посуда|таз пластм  10л|1|40,00|0,00
20.03.2018|приход|посуда|таз пластм  10л|1|33,00|0,00
20.03.2018|приход|посуда|таз пластм  12л|3|42,00|0,00
20.03.2018|приход|посуда|таз пластм  12л|3|37,00|0,00
20.03.2018|приход|посуда|таз пластм  12л|2|48,00|0,00
20.03.2018|приход|посуда|таз пластм  12л|2|39,00|0,00
20.03.2018|приход|посуда|таз пластм  12л|2|38,00|0,00
20.03.2018|приход|посуда|таз пластм  15л|2|42,00|0,00
20.03.2018|приход|посуда|таз пластм  16л|1|50,00|0,00
20.03.2018|приход|посуда|таз пластм  18л|2|47,00|0,00
20.03.2018|приход|посуда|таз пластм  24л|1|68,00|0,00
20.03.2018|приход|посуда|таз пластм  35л|1|115,00|0,00
20.03.2018|приход|посуда|таз пластм  9л|1|33,00|0,00
20.03.2018|приход|посуда|таз пластм 27л|3|80,00|0,00
20.03.2018|приход|посуда|тарелка глубокая 180|17|28,00|0,00
20.03.2018|приход|посуда|тарелка квадрат|2|25,00|0,00
20.03.2018|приход|посуда|тарелка керам круг|13|23,00|0,00
20.03.2018|приход|посуда|тарелка керам тюльпан|5|26,00|0,00
20.03.2018|приход|посуда|тарелка пиала 150|14|27,00|0,00
20.03.2018|приход|посуда|тарелка плоская |12|23,00|0,00
20.03.2018|приход|посуда|тарелка плоская 190|59|27,00|0,00
20.03.2018|приход|посуда|тарелки стекло квадр глуб|7|56,00|0,00
20.03.2018|приход|посуда|тарелки стекло квадр мелк|6|46,00|0,00
20.03.2018|приход|посуда|тарелки стекло квадр плоск|3|62,00|0,00
20.03.2018|приход|посуда|тарелки стекло круг бол|2|56,00|0,00
20.03.2018|приход|посуда|тарелки стекло круг мел|6|46,00|0,00
20.03.2018|приход|посуда|тарелки стекло круг мел|4|46,00|0,00
20.03.2018|приход|посуда|тарелки стекло кругл |3|46,00|0,00
20.03.2018|приход|посуда|тарелки стекло кругл глубок|6|48,00|0,00
20.03.2018|приход|посуда|тарелки стекло кругл ровн |6|46,00|0,00
20.03.2018|приход|посуда|терка для кор морковки дер|1|20,00|0,00
20.03.2018|приход|посуда|терка для кор морковки пласм|1|10,00|0,00
20.03.2018|приход|посуда|терка кух квадр|2|23,00|0,00
20.03.2018|приход|посуда|терка кух ромб|2|26,00|0,00
20.03.2018|приход|посуда|терка плоская|4|26,00|0,00
20.03.2018|приход|посуда|терка полиуретановая|1|65,00|0,00
20.03.2018|приход|посуда|терка хоз пласм|1|35,00|0,00
20.03.2018|приход|посуда|терка хозяйственная|3|25,00|0,00
20.03.2018|приход|посуда|терка шестигр|1|86,00|0,00
20.03.2018|приход|посуда|терка kamille|1|79,00|0,00
20.03.2018|приход|посуда|термос stenson 0,5л|1|110,00|0,00
20.03.2018|приход|посуда|термос stenson 1,0л|1|115,00|0,00
20.03.2018|приход|посуда|толкушка дер|1|7,50|0,00
20.03.2018|приход|посуда|толкушка дерев|3|7,50|0,00
20.03.2018|приход|посуда|толкушка метал|4|23,00|0,00
20.03.2018|приход|посуда|форма для яиц 10шт|2|38,00|0,00
20.03.2018|приход|посуда|форма для яиц 20шт|3|15,00|0,00
20.03.2018|приход|посуда|форма разъемн  набор|1|225,00|0,00
20.03.2018|приход|посуда|форма силикон|1|55,00|0,00
20.03.2018|приход|посуда|форма силиконовая 12 шт|1|75,00|0,00
20.03.2018|приход|посуда|форма силиконовая 6 шт|1|56,00|0,00
20.03.2018|приход|посуда|формы силикон для кексов набор|1|58,00|0,00
20.03.2018|приход|посуда|френч пресс|1|175,00|0,00
20.03.2018|приход|посуда|хлебница|1|135,00|0,00
20.03.2018|приход|посуда|чайник завар прозр Empire|1|257,00|0,00
20.03.2018|приход|посуда|чайник завар прозр Empire|1|176,00|0,00
20.03.2018|приход|посуда|чайник заварник 0117|1|82,00|0,00
20.03.2018|приход|посуда|чайник заварник 0118|1|63,00|0,00
20.03.2018|приход|посуда|чайник заварник 0171|1|95,00|0,00
20.03.2018|приход|посуда|чайник эмал 2 л|1|255,00|0,00
20.03.2018|приход|посуда|чайник эмал 3 л|1|275,00|0,00
20.03.2018|приход|посуда|Чашка 0,5 л|1|26,00|0,00
20.03.2018|приход|посуда|чашка 300г|17|21,00|0,00
20.03.2018|приход|посуда|чашка 370мл|5|35,00|0,00
20.03.2018|приход|посуда|чашка керам 250 г|2|21,00|0,00
20.03.2018|приход|посуда|чашка керам 250 г|1|21,00|0,00
20.03.2018|приход|посуда|чашка керам 300 г|2|22,00|0,00
20.03.2018|приход|посуда|чашка керам 350 г|2|20,00|0,00
20.03.2018|приход|посуда|чашка керам 350 г|1|45,00|0,00
20.03.2018|приход|посуда|чашка керам 350 г|1|31,00|0,00
20.03.2018|приход|посуда|чашка керам 350 г|1|23,00|0,00
20.03.2018|приход|посуда|чашка керам 370 г|1|37,00|0,00
20.03.2018|приход|посуда|чашка корич 250г|10|20,00|0,00
20.03.2018|приход|посуда|чашка кофе 350г|2|45,00|0,00
20.03.2018|приход|посуда|чашка нерж 10 см|3|38,00|0,00
20.03.2018|приход|посуда|чашка нерж 8 см|1|28,00|0,00
20.03.2018|приход|посуда|чашка нерж 9 см|1|32,00|0,00
20.03.2018|приход|посуда|чашка пласт 250 г|15|7,00|0,00
20.03.2018|приход|посуда|чашка пласт 300 г|7|13,50|0,00
20.03.2018|приход|посуда|чашка под зубн щетки|3|40,00|0,00
20.03.2018|приход|посуда|чашка под зубн щетки|2|55,00|0,00
20.03.2018|приход|посуда|чашка стекло  250 г|1|26,00|0,00
20.03.2018|приход|посуда|чашка стекло 0,5л|5|26,00|0,00
20.03.2018|приход|посуда|чашка стекло 250 г|1|31,00|0,00
20.03.2018|приход|посуда|чашка стекло 250г|14|26,00|0,00
20.03.2018|приход|посуда|чашка стекло 300г|1|30,00|0,00
20.03.2018|приход|посуда|чашка стекло 350 г|1|30,00|0,00
20.03.2018|приход|посуда|чашка стекло детская|6|26,00|0,00
20.03.2018|приход|посуда|чашка стекло кофе|3|37,00|0,00
20.03.2018|приход|посуда|чесночница|4|15,00|0,00
20.03.2018|приход|посуда|чесночница|1|20,00|0,00
20.03.2018|приход|посуда|шампура б|3|10,00|0,00
20.03.2018|приход|посуда|шинковка б|1|63,00|0,00
20.03.2018|приход|посуда|шинковка с|1|58,00|0,00
20.03.2018|приход|посуда|штопор Батлер|1|62,00|0,00
20.03.2018|приход|посуда|штопор дерев ручка|1|10,50|0,00
20.03.2018|приход|посуда|штопор деревянный|8|10,50|0,00
20.03.2018|приход|посуда|штопор пласм ручка|1|5,00|0,00
20.03.2018|приход|посуда|штопор пластмасовый|5|5,00|0,00
20.03.2018|приход|посуда|шумовка|1|42,00|0,00
20.03.2018|приход|посуда|шумовка мет|1|42,00|0,00
20.03.2018|приход|посуда|шумовка пласм|2|25,00|0,00
