сантехника|адаптор|1|5,00|0,00
сантехника|Адаптор  ¾|1|21,00|0,00
сантехника|Адаптор  ¾|1|15,00|0,00
сантехника|Адаптор  ¾В|10|5,00|0,00
сантехника|Адаптор  ¾Н|2|5,00|0,00
сантехника|Адаптор ½|5|5,00|0,00
сантехника|Адаптор ½ х ¾|1|15,00|0,00
сантехника|адаптор ½В|8|4,50|0,00
сантехника|адаптор ½Н|10|5,00|0,00
сантехника|адаптор полив ¾|2|20,00|0,00
сантехника|Адаптор раз ½ * ¾|4|15,00|0,00
сантехника|адаптор соед ½|1|5,00|0,00
сантехника|адаптор соедин|7|7,00|0,00
сантехника|Американка 1' прямая|1|65,00|0,00
сантехника|американка 20х1,2 в|6|23,00|0,00
сантехника|американка 20х1,2 н|10|24,00|0,00
сантехника|американка 25х3,4 в|9|41,00|0,00
сантехника|американка 25х3,4 н|8|47,00|0,00
сантехника|американка 32х1 в|2|63,00|0,00
сантехника|американка 32х1 н|2|66,00|0,00
сантехника|американка мп 16* ½ В угол|5|43,00|0,00
сантехника|антисептик ДЕП 1,5л|3|32,00|0,00
сантехника|Арматура в слив бачок АБ-11|3|28,00|0,00
сантехника|Быстросват 1/2|9|20,00|0,00
сантехника|Быстросват ¾|6|20,00|0,00
сантехника|внутренность в бачек верх|1|145,00|0,00
сантехника|внутренность в бачек ниж|1|150,00|0,00
сантехника|внутренность в бачек ниж|1|118,00|0,00
сантехника|воронка оцинк сливная|2|55,00|0,00
сантехника|воронка оцинк сливная|2|55,00|0,00
сантехника|воронка оцинк сливная|1|52,00|0,00
сантехника|воронка оцинк сливная|1|52,00|0,00
сантехника|воронка оцинк сливная|1|45,00|0,00
сантехника|воронка оцинк сливная|1|45,00|0,00
сантехника|воронка фигурная|6|55,00|0,00
сантехника|воронка фигурная|6|55,00|0,00
сантехника|вороток для метчика м-3-12|1|67,00|0,00
сантехника|вороток Мастер Тол 14|1|53,00|0,00
сантехника|Восьмерка №4|12|3,00|0,00
сантехника|Восьмерка №5|20|4,00|0,00
сантехника|Восьмерка №6|14|8,00|0,00
сантехника|Восьмерка №7|4|15,00|0,00
сантехника|Восьмерка №8|1|22,00|0,00
сантехника|Восьмерка №8|5|22,00|0,00
сантехника|выпуск в ванну мет|1|36,00|0,00
сантехника|выпуск в мойку|3|24,00|0,00
сантехника|выпуск в сифон мет|1|24,00|0,00
сантехника|выпуск сифон|1|36,00|0,00
сантехника|выпуск сифон|1|34,00|0,00
сантехника|выпуск сифон|1|30,00|0,00
сантехника|выпуск сифон|2|24,00|0,00
сантехника|выпуск сифон|1|10,00|0,00
сантехника|Гайка 1 лат|10|7,50|0,00
сантехника|Гайка ½  лат|13|4,00|0,00
сантехника|Гайка ¾  лат|20|6,50|0,00
сантехника|гайка к сифону|1|5,00|0,00
сантехника|гайка латунь Ø50|8|21,00|0,00
сантехника|гайка мет Ø15|4|4,00|0,00
сантехника|гайка мет Ø20|11|5,00|0,00
сантехника|гайка мет Ø25|26|9,00|0,00
сантехника|гайка мет Ø32|16|10,00|0,00
сантехника|гайка мет Ø40|3|10,00|0,00
сантехника|гайка мет Ø50|28|15,00|0,00
сантехника|гайка на вод счетчик|1|33,00|0,00
сантехника|гайка на сифон|4|5,00|0,00
сантехника|гайка под водян счетчик набор|3|33,00|0,00
сантехника|гайка прижим до шлиф лот|1|27,00|0,00
сантехника|гидробарьер|7,6|8,50|0,00
сантехника|гидробарьер |5|10,50|0,00
сантехника|гидробарьер |46|8,50|0,00
сантехника|гидробарьер |50|7,50|0,00
сантехника|Головка 14 мм Berg|1|25,00|0,00
сантехника|Головка 15 мм Berg|1|26,00|0,00
сантехника|Головка 19 мм Berg|1|29,00|0,00
сантехника|Головка 24 мм Berg|1|34,00|0,00
сантехника|Гофра 100|3|97,00|0,00
сантехника|Гофра 110|1|110,00|0,00
сантехника|Гофра 125|1|115,00|0,00
сантехника|Гофра 130|1|130,00|0,00
сантехника|Гофра 150|1|150,00|0,00
сантехника|Гофра 32|6|24,50|0,00
сантехника|Гофра 40|10|28,50|0,00
сантехника|Гофра 50|38|40,00|0,00
сантехника|гофра арм в унитаз|2|96,00|0,00
сантехника|гофра арм в унитаз|5|55,00|0,00
сантехника|гофра арм унитаз|1|89,00|0,00
сантехника|гофра арм унитаз Nova|1|87,00|0,00
сантехника|гофра мет 10|38|9,00|0,00
сантехника|гофра мет 15|46,5|11,00|0,00
сантехника|гофра мет 18|50|13,00|0,00
сантехника|гофра под пластик 16|107|2,50|0,00
сантехника|гофра под пластик 20|74,4|3,00|0,00
сантехника|гофра под пластик 25|38|4,00|0,00
сантехника|гофра Nova 1262|1|50,00|0,00
сантехника|гофра Ø32 ¼|3|26,00|0,00
сантехника|гофра Ø40 ¼|2|27,00|0,00
сантехника|гофра Ø40 Nova 9001|1|62,00|0,00
сантехника|гофра Ø50 ½|1|27,00|0,00
сантехника|гранбукса Hi-kon набор |1|165,00|0,00
сантехника|Грибок    110|1|83,00|0,00
сантехника|Грибок 10*100|200|0,90|0,00
сантехника|Грибок 10*100|80|0,90|0,00
сантехника|Грибок 10*110|500|0,95|0,00
сантехника|Грибок 10*110|50|0,95|0,00
сантехника|Грибок 10*120|676|0,95|0,00
сантехника|Грибок 10*140|471|1,00|0,00
сантехника|Грибок 10*160|65|1,35|0,00
сантехника|Грибок 10*70|400|0,80|0,00
сантехника|Грибок 10*70|18|0,80|0,00
сантехника|Грибок 10*80|500|0,85|0,00
сантехника|Грибок 10*80|140|0,85|0,00
сантехника|Грибок 10*90|400|0,85|0,00
сантехника|Грибок 10*90|217|0,85|0,00
сантехника|Грибок 110 внутр|5|30,00|0,00
сантехника|грибок 110 наруж|3|30,00|0,00
сантехника|Грибок 50|21|26,00|0,00
сантехника|грибок нерж |1|68,00|0,00
сантехника|грибок нерж Ø100|1|68,00|0,00
сантехника|грибок оцинков |1|68,00|0,00
сантехника|грибок оцинков |1|55,00|0,00
сантехника|грибок оцинков |1|42,00|0,00
сантехника|грибок оцинков |1|40,00|0,00
сантехника|грибок сетка 50|1|26,00|0,00
сантехника|грибок Ø100/120|2|42,00|0,00
сантехника|грибок Ø130/140|2|48,00|0,00
сантехника|грибок Ø150|3|56,00|0,00
сантехника|грибок Ø200|3|68,00|0,00
сантехника|гусак ванна|1|100,00|0,00
сантехника|гусак ванна|1|90,00|0,00
сантехника|гусак ванна|1|42,00|0,00
сантехника|гусак ванна|1|40,00|0,00
сантехника|гусак кухня|1|100,00|0,00
сантехника|гусак кухня|1|96,00|0,00
сантехника|гусак кухня|1|60,00|0,00
сантехника|гусак кухня|1|55,00|0,00
сантехника|гусак на смеситель ванна длин|1|100,00|0,00
сантехника|гусак на смеситель ванна корот|3|78,00|0,00
сантехника|гусак на смеситель корот|1|52,00|0,00
сантехника|гусак на смеситель кухн корот|1|60,00|0,00
сантехника|дверь поддув|1|200,00|0,00
сантехника|дверь топка больш|1|300,00|0,00
сантехника|дверь топка мал|1|250,00|0,00
сантехника|держатель душа|1|5,00|0,00
сантехника|держатель душа пласм дешев|2|5,00|0,00
сантехника|держатель лейки|1|97,00|0,00
сантехника|держатель лейки на душ квадр|3|24,00|0,00
сантехника|ершик в унит ров набор|5|30,00|0,00
сантехника|ершик в унит фигурн набор |6|35,00|0,00
сантехника|ершик в унитаз |5|26,00|0,00
сантехника|ершик в унитаз |7|24,00|0,00
сантехника|желоб грибок оцинк|27|95,00|0,00
сантехника|желоб полукруг оцинк|4|70,00|0,00
сантехника|завертка форточ|26|6,00|0,00
сантехника|заглушка ½ В левая|8|10,00|0,00
сантехника|Заглушка 100|7|12,00|0,00
сантехника|Заглушка 20|4|9,00|0,00
сантехника|Заглушка 25|3|11,00|0,00
сантехника|Заглушка 32|4|15,00|0,00
сантехника|Заглушка 40|5|28,00|0,00
сантехника|Заглушка 50|9|6,60|0,00
сантехника|заглушка в батар|7|14,00|0,00
сантехника|заглушка вент дверная|1|5,00|0,00
сантехника|заглушка глубокая оцинк|1|12,00|0,00
сантехника|заглушка желоба глуб|13|12,00|0,00
сантехника|заглушка желоба полукруглая|21|12,00|0,00
сантехника|заглушка лат 1* Н|18|10,00|0,00
сантехника|заглушка лат 1*В|12|10,00|0,00
сантехника|заглушка лат ½ В|23|5,00|0,00
сантехника|заглушка лат ½ Н|19|5,00|0,00
сантехника|заглушка лат ¾  Н|30|6,50|0,00
сантехника|заглушка лат ¾В|10|6,50|0,00
сантехника|заглушка на раковину|1|35,00|0,00
сантехника|заглушка на тюльпан|1|35,00|0,00
сантехника|заглушка полукруглая оцинк|2|12,00|0,00
сантехника|заглушка с отводом|8|40,00|0,00
сантехника|заглушка с отводом 50|8|28,00|0,00
сантехника|заглушка трубки оцинк|1|29,50|0,00
сантехника|заглушка трубки оцинк|1|29,50|0,00
сантехника|заглушка трубки оцинк|1|24,50|0,00
сантехника|заглушка трубки оцинк|1|24,50|0,00
сантехника|заглушка Ø150|1|24,50|0,00
сантехника|заглушка Ø150|1|24,50|0,00
сантехника|заглушка Ø200|1|29,50|0,00
сантехника|заглушка Ø200|1|29,50|0,00
сантехника|заглушка Ø32 д /бат глуха|11|21,00|0,00
сантехника|заглушка Ø40 ½ В|7|21,00|0,00
сантехника|заглушка Ø40 ¾ В|31|21,00|0,00
сантехника|заглушки Ø20|15|3,00|0,00
сантехника|заглушки Ø25|12|5,50|0,00
сантехника|заглушки Ø32|5|7,00|0,00
сантехника|задвижка железо|1|45,00|0,00
сантехника|задвижка чугун|2|220,00|0,00
сантехника|зажим трос №3|1|10,00|0,00
сантехника|зажим трос №4|10|17,00|0,00
сантехника|заклепки d0,4*8|12|13,50|0,00
сантехника|заклепки d3,2*10,16|12|11,50|0,00
сантехника|заклепки d3,2*12,7|5|14,50|0,00
сантехника|заклепки d3,2*14,48|5|15,00|0,00
сантехника|заклепки d3,2*15|2|13,00|0,00
сантехника|заклепки d3,2*6,4|1|10,00|0,00
сантехника|заклепки d3,2*7,4|6|12,00|0,00
сантехника|заклепки d3,2*8,0|7|11,00|0,00
сантехника|заклепки d3,2*9,6 Тек|6|11,00|0,00
сантехника|заклепки d4,8*10,16|4|21,00|0,00
сантехника|заклепки d4,8*12,7|9|22,00|0,00
сантехника|заклепки d4,8*14,48|5|23,00|0,00
сантехника|заклепки d4,8*7|1|20,00|0,00
сантехника|заклепки d4,8*7|6|18,00|0,00
сантехника|заклепки d4,8*8,0|6|20,00|0,00
сантехника|заклепки d4,8*9,6|3|20,50|0,00
сантехника|заклепки d4*10,16|3|15,00|0,00
сантехника|заклепки d4*12,7|8|16,00|0,00
сантехника|заклепки d4*14,48|6|22,00|0,00
сантехника|заклепки d4*16|9|18,00|0,00
сантехника|заклепки d4*6|6|13,00|0,00
сантехника|заклепки d4*9,6|3|15,00|0,00
сантехника|замок  100мм секрет|1|180,00|0,00
замки|замок  60мм секрет|1|155,00|0,00
замки|замок  60мм секрет|1|75,00|0,00
замки|замок  60мм секрет|1|50,00|0,00
замки|замок  70мм секрет|1|165,00|0,00
замки|замок  70мм секрет|1|135,00|0,00
замки|замок  70мм секрет|1|93,00|0,00
замки|замок  70мм секрет|1|90,00|0,00
замки|замок  80мм секрет|1|175,00|0,00
замки|замок  80мм секрет|1|155,00|0,00
замки|замок  90мм секрет|1|200,00|0,00
замки|замок  90мм секрет|1|185,00|0,00
замки|замок  90мм секрет|3|175,00|0,00
замки|замок  аверс 60 межкомн секрет|1|52,00|0,00
замки|замок  аверс 60 секрет|4|57,00|0,00
замки|замок  аверс 60 секрет|6|50,00|0,00
замки|замок  аверс 70 секрет|1|57,00|0,00
замки|замок  аверс 70 секрет|4|55,00|0,00
замки|замок  врезной арико|1|78,00|0,00
замки|замок  врезной аvers|1|230,00|0,00
замки|Замок  МЕ-901  внутренность|1|98,00|0,00
замки|замок  межкомн секрет|1|52,00|0,00
замки|замок  наклад секрет|1|150,00|0,00
замки|замок  наклад секрет|1|140,00|0,00
замки|замок  наклад секрет|1|115,00|0,00
замки|замок  наклад секрет|1|90,00|0,00
замки|замок  наклад секрет|3|50,00|0,00
замки|замок  наклад Украина 3 ключа секрет|1|50,00|0,00
замки|замок  наклад Украина 4 ключа секрет|1|57,00|0,00
замки|замок  наклад Украина 5 ключей секрет|1|62,00|0,00
замки|замок  с поворотником 100мм секрет|1|205,00|0,00
замки|замок  с поворотником 60мм секрет|1|80,00|0,00
замки|замок  с поворотником 60мм секрет|2|60,00|0,00
замки|замок  с поворотником 60мм секрет|1|57,00|0,00
замки|замок  с поворотником 70мм секрет|2|165,00|0,00
замки|замок  с поворотником 80мм секрет|1|200,00|0,00
замки|замок  с поворотником 80мм секрет|1|115,00|0,00
замки|замок  с поворотником 90мм секрет|1|205,00|0,00
замки|замок  с поворотником 90мм секрет|1|180,00|0,00
замки|замок  с поворотником 90мм секрет|1|175,00|0,00
замки|замок  с поворотником 90мм секрет|1|175,00|0,00
замки|замок  с поворотником 90мм секрет|2|145,00|0,00
замки|замок Авантек 50|1|97,00|0,00
замки|замок аверс 38|1|42,00|0,00
замки|замок аверс 50|1|47,00|0,00
замки|замок аверс 70 секрет|1|90,00|0,00
замки|замок аверс 90 секрет|1|160,00|0,00
замки|замок аверс 90/55/35 секрет|1|175,00|0,00
замки|замок алюмин секрет|1|62,00|0,00
замки|замок алюмин секрет|4|57,00|0,00
замки|замок алюмин секрет|1|50,00|0,00
замки|замок Апекс краб большой|3|150,00|0,00
замки|замок Вело 0,65м|2|35,00|0,00
замки|замок Вело 0,8м|3|45,00|0,00
замки|замок Вело 1м|3|50,00|0,00
замки|замок внутренность|1|225,00|0,00
замки|замок внутренность|1|165,00|0,00
замки|замок внутренность|1|160,00|0,00
замки|замок внутренность|2|155,00|0,00
замки|замок внутренность|1|150,00|0,00
замки|замок внутренность|3|145,00|0,00
замки|замок внутренность|1|115,00|0,00
замки|замок внутренность|2|105,00|0,00
замки|замок внутренность|1|100,00|0,00
замки|замок врез |1|290,00|0,00
замки|замок врез |1|150,00|0,00
замки|замок врез |1|120,00|0,00
замки|замок врез 89-К|2|182,00|0,00
замки|замок врез бабочка|1|425,00|0,00
замки|замок врез бабочка м|1|175,00|0,00
замки|замок врез без секрета|1|165,00|0,00
замки|замок врез без секрета|4|150,00|0,00
замки|замок врез без секрета|2|140,00|0,00
замки|замок врез FSB|2|225,00|0,00
замки|замок император 36/26 секрет|1|175,00|0,00
замки|замок краб лодочка  60мм|2|80,00|0,00
замки|замок краб ARIKO  80мм|1|120,00|0,00
замки|замок лазерный 38|2|40,00|0,00
замки|замок мебельный|4|32,00|0,00
замки|замок мебельный|2|32,00|0,00
замки|замок межкомнатный 60 секрет|1|50,00|0,00
замки|замок межкомнатный секрет|1|52,00|0,00
замки|замок навес |2|19,00|0,00
замки|замок навес  38мм|1|20,00|0,00
замки|замок навес  40мм|1|37,00|0,00
замки|замок навес  50мм|1|42,00|0,00
замки|замок навес  70мм|1|56,00|0,00
замки|замок навес  глобус б 80мм|1|110,00|0,00
замки|замок навес  крестообр ключ желт 38мм|1|40,00|0,00
замки|замок навес  крестообр ключ желт 50мм|1|50,00|0,00
замки|замок навес  крестообр ключ желт 60мм|2|76,00|0,00
замки|замок навес  крестообр ключ желт 70мм|1|102,00|0,00
замки|замок навес  лев  38мм|1|42,00|0,00
замки|замок навес  Чебоксары 50мм|1|90,00|0,00
замки|замок навес  Чебоксары 80мм|2|103,00|0,00
замки|замок навес  экстра  38мм|1|29,00|0,00
замки|замок навес  экстра  40мм|1|53,00|0,00
замки|замок навес  экстра  60мм|1|82,00|0,00
замки|замок навес  AVRRS  38мм|1|43,00|0,00
замки|замок навес  AVRRS  50мм|1|50,00|0,00
замки|замок навес АВАНТЕК 50мм|1|77,00|0,00
замки|замок навес аверс 50|1|50,00|0,00
замки|замок навес глобус 80мм|4|115,00|0,00
замки|Замок навес Ермак 40|4|28,00|0,00
замки|Замок навес Ермак 50|6|45,00|0,00
замки|замок навес ключ квадрат 38|1|40,00|0,00
замки|замок навес ключ квадрат 50|7|50,00|0,00
замки|замок навес ключ квадрат 63|3|76,00|0,00
замки|замок навес ключ квадрат 63|1|60,00|0,00
замки|замок навес ключ квадрат 75|2|102,00|0,00
замки|замок навес контролька|3|30,00|0,00
замки|замок навес лазер 40мм|2|40,00|0,00
замки|замок навес лазер 55мм|1|93,00|0,00
замки|Замок навес Лев 40|4|42,00|0,00
замки|Замок навес Лев 50|2|62,00|0,00
замки|замок навес м декоративн|1|15,00|0,00
замки|замок навес МС-б 80мм|1|130,00|0,00
замки|замок навес с декорат|1|17,00|0,00
замки|Замок навес серый 32|3|17,00|0,00
замки|замок навес серый 50|3|37,00|0,00
замки|замок навес серый 63|6|42,00|0,00
замки|замок навес серый 93|1|56,00|0,00
замки|Замок навес экстра 40|9|29,00|0,00
замки|Замок навес экстра 70|6|82,00|0,00
замки|замок навес Gosami 55мм|1|93,00|0,00
замки|замок накладной|1|246,00|0,00
замки|замок накладной|2|235,00|0,00
замки|замок накладной|1|185,00|0,00
замки|замок накладной|1|175,00|0,00
замки|замок накладной|1|150,00|0,00
замки|замок накладной|1|143,00|0,00
замки|замок накладной|1|140,00|0,00
замки|замок накладной|1|130,00|0,00
замки|замок накладной|1|125,00|0,00
замки|замок накладной|1|125,00|0,00
замки|замок накладной  |1|193,00|0,00
замки|замок накладной замок секрет|2|50,00|0,00
замки|замок накладной замок секрет|2|37,00|0,00
замки|замок накладной кодовый|1|425,00|0,00
замки|замок П образ сред|1|85,00|0,00
замки|замок П-образ 70мм|2|75,00|0,00
замки|замок П-образ 90мм|1|75,00|0,00
замки|замок ручка врез шарик|1|155,00|0,00
замки|Замок тандем|1|100,00|0,00
замки|замок тандем   внутренность|1|105,00|0,00
замки|замок тандем ЗВ  внутренность|2|100,00|0,00
замки|замок Flins 60 секрет|2|80,00|0,00
замки|Замок FSB 60 секрет|2|75,00|0,00
замки|замок FSB 70 секрет|2|93,00|0,00
замки|замок FSB 70 секрет|1|80,00|0,00
замки|защелка замеа Apecs|1|50,00|0,00
замки|защелка замка AVERS|3|55,00|0,00
замки|защелка APEKS|1|55,00|0,00
замки|згон длин 15|1|8,00|0,00
сантехника|згон длин 20|1|9,50|0,00
сантехника|згон длин 25|1|115,00|0,00
сантехника|згон длин 32|1|15,00|0,00
сантехника|згон длин 40|1|19,00|0,00
сантехника|згон длин 50|1|26,00|0,00
сантехника|згон длин резьба 15|1|4,75|0,00
сантехника|згон длин резьба 20|1|6,50|0,00
сантехника|згон длин резьба 25|1|8,00|0,00
сантехника|згон длин резьба 32|1|12,00|0,00
сантехника|згон длин резьба 40|1|14,00|0,00
сантехника|згон длин резьба 50|1|21,00|0,00
сантехника|згон корот 15|1|3,50|0,00
сантехника|згон корот 20|1|4,25|0,00
сантехника|згон корот 25|1|5,25|0,00
сантехника|згон корот 32|1|7,85|0,00
сантехника|згон корот 40|1|10,00|0,00
сантехника|згон корот 50|1|12,00|0,00
сантехника|иксцентрик|10|17,00|0,00
сантехника|канат джутов Ø10|57|10,00|0,00
сантехника|канат джутов Ø14|45|11,00|0,00
сантехника|канат джутов Ø16|43,5|13,00|0,00
сантехника|канцевик на провод Е1508|22|0,10|0,00
сантехника|карабин с коловор №4|1|6,00|0,00
сантехника|Катридж 35|1|88,00|0,00
сантехника|Катридж 35|1|34,00|0,00
сантехника|Катридж 40|1|92,00|0,00
сантехника|Катридж 40|1|37,00|0,00
сантехника|катридж Ø 32 в смеситель дешов|3|34,00|0,00
сантехника|катридж Ø 32 в смеситель Турция|1|88,00|0,00
сантехника|катридж Ø 40 в смеситель|1|37,00|0,00
сантехника|клапан на болер|3|46,00|0,00
сантехника|клапан на унитаз|1|17,00|0,00
сантехника|ключ под колбу|1|15,00|0,00
сантехника|Колба 1,2|1|188,00|0,00
сантехника|Колба 3,4|1|195,00|0,00
сантехника|Колектор ½|2|18,50|0,00
сантехника|Колектор ¾|1|20,00|0,00
сантехника|Коллектор ½|1|5,00|0,00
сантехника|коллектор соединен|2|5,00|0,00
сантехника|коловорот оцинк|1|15,00|0,00
сантехника|колосник|10|36,00|0,00
сантехника|колосник|10|33,00|0,00
сантехника|колосник в сборе|2|150,00|0,00
сантехника|колосник в сборе|2|135,00|0,00
сантехника|конек ориг вишня |5|135,00|0,00
сантехника|конек ориг зеленый |8|135,00|0,00
сантехника|конек ориг коричневый|9|135,00|0,00
сантехника|Контрагайка 15|1|4,00|0,00
сантехника|Контрагайка 20|1|5,00|0,00
сантехника|Контрагайка 32|1|10,00|0,00
сантехника|Контрагайка 40|1|11,00|0,00
сантехника|Контрагайка 50|1|15,00|0,00
сантехника|контрагайка лат 40|1|21,00|0,00
сантехника|Короб 16*16|9|11,00|0,00
сантехника|короб под гипс метал|108|4,00|0,00
сантехника|коронка  по бетону Ø65|1|95,00|0,00
сантехника|коронка  по бетону Ø65|1|95,00|0,00
сантехника|коронка Ø65|1|190,00|0,00
сантехника|короткий Ø100|9|25,00|0,00
сантехника|короткий Ø100|9|25,00|0,00
сантехника|крабы б|4|25,00|0,00
сантехника|крабы м|8|10,00|0,00
сантехника|крабы с|4|12,00|0,00
сантехника|Кран  ½ наруж пиво|1|46,00|0,00
сантехника|Кран  3/4 наруж |1|50,00|0,00
сантехника|Кран 1' ¼ B*1' ¼ H|1|122,00|0,00
сантехника|Кран 20|4|30,00|0,00
сантехника|Кран 25|9|44,00|0,00
сантехника|кран для пол пласм|8|8,00|0,00
сантехника|кран Днепро|1|40,00|0,00
сантехника|кран кухня Ferro|2|155,00|0,00
сантехника|кран кухня Master|1|90,00|0,00
сантехника|кран кухня Master-269|1|100,00|0,00
сантехника|кран кухня Smes-269|1|255,00|0,00
сантехника|кран Маевского ½|1|14,50|0,00
сантехника|кран проход на стир машину ½ * ½|1|42,00|0,00
сантехника|кран прямой 20/1,2 н|1|65,00|0,00
сантехника|кран прямой 25х3,4 н|7|80,00|0,00
сантехника|кран угловой 20/1,2 н|5|66,00|0,00
сантехника|кран угловой 25/3,4 н|8|76,00|0,00
сантехника|кран угловой КОЕR|6|100,00|0,00
сантехника|кран фитенс D25* ¾ d|2|65,00|0,00
сантехника|кран фитенс D25* ¾ y|3|65,00|0,00
сантехника|кран фитенс D25*25|1|79,00|0,00
сантехника|кран шар   ½ В* ½ В|7|34,00|0,00
сантехника|кран шар   ½ В* ½ В газ|4|39,00|0,00
сантехника|кран шар   ½ В* ½ Н|6|34,00|0,00
сантехника|кран шар   ½ В* ½ Н газ|4|39,00|0,00
сантехника|кран шар   ½ Н* ½ Н|4|34,00|0,00
сантехника|кран шар  1' ½ B*1' ½ B|1|160,00|0,00
сантехника|кран шар  1'B*1'H|1|115,00|0,00
сантехника|кран шар  1/2 В* 1/2 Н KOER|5|75,00|0,00
сантехника|кран шар  1/2 В* ½ В KOER|5|75,00|0,00
сантехника|кран шар  ½  Н* ½ Н|1|34,00|0,00
сантехника|кран шар  ½ B* ½ Н|1|34,00|0,00
сантехника|кран шар  16* ½ В|4|50,00|0,00
сантехника|кран шар  2'B*2'H|1|260,00|0,00
сантехника|кран шар  3/4 В* 3/4 В KOER|8|115,00|0,00
сантехника|кран шар  3/4 В* 3/4 Н KOER|2|115,00|0,00
сантехника|кран шар ½ В* ½ В|1|34,00|0,00
сантехника|кран шар 3/4 В* ¾ В*3/4 В* ¾ Н|2|49,00|0,00
сантехника|кран шар м/п 16* ½  Н|6|50,00|0,00
сантехника|кран шар м/п 16*16|2|65,00|0,00
сантехника|кран шар м/п 20* ¾ В|3|75,00|0,00
сантехника|кран шар м/п 20* ¾ н|4|72,00|0,00
сантехника|кран шар м/п 20*20|2|115,00|0,00
сантехника|кран шар м/п Ø16* ½ В;Ø16* ½ В;Н|2|50,00|0,00
сантехника|кран шар м/п Ø16*16|1|65,00|0,00
сантехника|кран шар м/п Ø20* ¾ В|1|75,00|0,00
сантехника|кран шар м/п Ø20* ¾ Н|1|72,00|0,00
сантехника|кран шар м/п Ø20*20|1|115,00|0,00
сантехника|Кран шар полив ½|3|13,00|0,00
сантехника|Кран шар полив ¾|2|15,00|0,00
сантехника|кран d20* ½ в|2|46,00|0,00
сантехника|кран d20* ½ н|1|46,00|0,00
сантехника|Кран-лейка на летний душ|1|48,00|0,00
сантехника|Кран-лейка на летний душ пласм|1|72,00|0,00
сантехника|Кран-лейка на летний душ пласм|1|21,00|0,00
сантехника|краник|1|92,50|0,00
сантехника|краник|3|82,50|0,00
сантехника|Крепеж  для унитаза набор|1|50,00|0,00
сантехника|крепеж амстронг|3|21,00|0,00
сантехника|крепеж бачка с унитазом|5|12,00|0,00
сантехника|крепеж бачка с унитазом лат |4|37,00|0,00
сантехника|крепеж длинный|4|18,50|0,00
сантехника|крепеж длиный глубокий|51|18,50|0,00
сантехника|Крепеж для батареи |1|17,00|0,00
сантехника|крепеж для трубы Ø100|11|26,00|0,00
сантехника|крепеж для трубы Ø110|4|30,00|0,00
сантехника|крепеж для трубы Ø120|2|32,00|0,00
сантехника|крепеж для трубы Ø130|7|31,00|0,00
сантехника|крепеж для трубы Ø150|10|34,00|0,00
сантехника|крепеж короткий|20|18,50|0,00
сантехника|крепеж на крышку унитаза|2|35,00|0,00
сантехника|крепеж на крышку унитаза|2|30,00|0,00
сантехника|крепеж полукруглый|52|18,50|0,00
сантехника|крепеж трубы оцинк Ø100|2|25,00|0,00
сантехника|крепеж трубы оцинк Ø120|2|30,00|0,00
сантехника|крепеж трубы оцинк Ø130|2|31,00|0,00
сантехника|крепеж трубы оцинк Ø150|2|34,00|0,00
сантехника|крепеж унитаза|2|7,50|0,00
сантехника|крепление 1дюйм|1|14,00|0,00
сантехника|Крепление ¾ дюйма|1|13,00|0,00
сантехника|крепление для душа|1|24,00|0,00
сантехника|крепление для труб 1/2д|1|12,00|0,00
сантехника|крепление для труб 1/4д|1|16,00|0,00
сантехника|крепление для унитаза бачка|1|50,00|0,00
сантехника|крепление унитаза |3|6,00|0,00
сантехника|крепление экопласт 25 на трубу|2|1,50|0,00
сантехника|Крест ½ ВВВ лат|11|27,50|0,00
сантехника|Крест 110|3|70,00|0,00
сантехника|Крест 110*50*110*50|5|50,00|0,00
сантехника|Крест 110/45|3|70,00|0,00
сантехника|Крест 20|5|10,00|0,00
сантехника|Крест 25|4|13,00|0,00
сантехника|крест 32х3/4 в х32|1|31,00|0,00
сантехника|Крест 50|2|32,00|0,00
сантехника|крест м/п 16*16*16*16|2|55,00|0,00
сантехника|крест м/п Ø20*  20*20*20|1|103,00|0,00
сантехника|крест поливоч ¾|16|7,50|0,00
сантехника|крестики на плитку|1|8,00|0,00
сантехника|кронштейн для радиаторов|3|17,00|0,00
сантехника|крошеный Ø100|3|36,00|0,00
сантехника|крошеный Ø100|3|36,00|0,00
сантехника|крышка для ванны|20|5,00|0,00
сантехника|крышка на унитаз детская|1|100,00|0,00
сантехника|крышка на унитаз мягкая|1|130,00|0,00
сантехника|крышка на унитаз мягкая|5|125,00|0,00
сантехника|крышка на унитаз пласм|1|195,00|0,00
сантехника|крышка на унитаз пласм|1|116,00|0,00
сантехника|крышка резин|1|13,00|0,00
сантехника|крючок двойн|18|10,00|0,00
сантехника|крючок двойной декор|4|23,50|0,00
сантехника|крючок декор двойн|8|17,00|0,00
сантехника|крючок декорат двойн|1|12,00|0,00
сантехника|крючок декорат двойн золот|1|20,00|0,00
сантехника|крючок декорат двойн прост|2|9,50|0,00
сантехника|крючок декорат один|1|7,00|0,00
сантехника|крючок на липучке большой|39|5,00|0,00
сантехника|крючок на липучке мал|28|3,50|0,00
сантехника|крючок на присоске|1|5,00|0,00
сантехника|крючок на присоске|13|3,50|0,00
сантехника|крючок одеж 2й мол|19|9,50|0,00
сантехника|крючок один|44|9,50|0,00
сантехника|Крючок С 10*120|10|10,00|0,00
сантехника|крючок с дюбел мет 6*38|50|3,3|0,00
сантехника|крючок хоз б|1|17,00|0,00
сантехника|крючок хоз б|9|8,00|0,00
сантехника|крючок хоз мален|3|7,00|0,00
сантехника|крючок хоз с|11|8,00|0,00
сантехника|лейка воронка большая|1|9,00|0,00
сантехника|лейка воронка маленькая|10|6,00|0,00
сантехника|лейка воронка средняя|5|7,00|0,00
сантехника|лейка на душ|1|46,00|0,00
сантехника|лейка на душ|1|40,00|0,00
сантехника|лейка на душ|1|39,00|0,00
сантехника|лейка на душ|1|29,00|0,00
сантехника|лейка на лет душ в сборе мет|2|47,00|0,00
сантехника|лейка на лет душ в сборе пласм|7|72,00|0,00
сантехника|лейка на лет душ пласм|13|21,00|0,00
сантехника|лента под ванну 41*3,2|2|146,00|0,00
сантехника|лента фум большая желтая|7|28,00|0,00
сантехника|лента фум маленькая желтая|2|10,00|0,00
сантехника|лента фум маленькая(под кран)|18|8,00|0,00
сантехника|лента фум с|1|16,00|0,00
сантехника|линейка строительная 1 м|1|50,00|0,00
сантехника|лупа под смеситель|1|137,00|0,00
сантехника|лупа под смеситель|1|85,00|0,00
сантехника|лупа под смеситель|10|80,00|0,00
сантехника|люк дверца|1|80,00|0,00
сантехника|Маяк 2,5м 10мм|55|10,00|0,00
сантехника|Маяк 2,5м 6мм|87|8,00|0,00
сантехника|Маяк 3м 10мм|43|12,00|0,00
сантехника|Маяк 3м 6мм|28|9,00|0,00
сантехника|мойка пласм вып|5|44,00|0,00
сантехника|морковка полив ½|1|12,00|0,00
сантехника|морковка полив ¾|1|15,00|0,00
сантехника|муфта  20х3,4 в|8|20,00|0,00
сантехника|муфта  20х3,4 н|7|19,50|0,00
сантехника|муфта  25х1,2 в|13|15,50|0,00
сантехника|муфта  25х1,2 н|8|19,50|0,00
сантехника|муфта  25х3,4 в|14|17,50|0,00
сантехника|муфта  25х3,4 н|18|18,50|0,00
сантехника|муфта  Ø20|113|2,50|0,00
сантехника|муфта  Ø25|71|3,60|0,00
сантехника|муфта 1*В лат|5|12,50|0,00
сантехника|Муфта ½ В лат|6|12,00|0,00
сантехника|муфта ½ под вент|14|10,00|0,00
сантехника|Муфта 15|1|6,00|0,00
сантехника|Муфта 20|1|7,00|0,00
сантехника|муфта 20х1 в|5|14,50|0,00
сантехника|муфта 20х1 н|11|14,50|0,00
сантехника|муфта 20х1,2 в|20|14,50|0,00
сантехника|муфта 20х1,2 н|10|14,50|0,00
сантехника|муфта 20х1/2 в|11|10,50|0,00
сантехника|муфта 20х1/2 в|6|9,00|0,00
сантехника|муфта 20х1/2 н|5|10,50|0,00
сантехника|муфта 20х20|6|18,50|0,00
сантехника|муфта 20х25|7|18,50|0,00
сантехника|муфта 20х3/4 в|12|13,50|0,00
сантехника|муфта 20х3/4 н|12|13,50|0,00
сантехника|Муфта 25|1|10,50|0,00
сантехника|муфта 25х1 в|11|14,00|0,00
сантехника|муфта 25х1 н|11|14,00|0,00
сантехника|муфта 25х1/2 в|6|13,50|0,00
сантехника|муфта 25х1/2 в|8|13,50|0,00
сантехника|муфта 25х1/2 н|17|13,00|0,00
сантехника|муфта 25х25|8|20,50|0,00
сантехника|муфта 25х3/4 в|14|14,00|0,00
сантехника|муфта 25х3/4 н|16|15,50|0,00
сантехника|муфта 25х3/4 н|1|14,00|0,00
сантехника|Муфта ¾ В лат|6|12,50|0,00
сантехника|Муфта 32|1|13,00|0,00
сантехника|Муфта 32|2|7,50|0,00
сантехника|муфта 32х1  1,4  в|4|19,00|0,00
сантехника|муфта 32х1  1,4 в|5|19,50|0,00
сантехника|муфта 32х1  1,4 н|4|19,50|0,00
сантехника|муфта 32х1  в|1|19,50|0,00
сантехника|муфта 32х1 в|9|19,00|0,00
сантехника|муфта 32х1 в|9|17,00|0,00
сантехника|муфта 32х1 н|9|19,00|0,00
сантехника|муфта 32х1 н|7|17,00|0,00
сантехника|муфта 32х1/2 в|12|18,50|0,00
сантехника|муфта 32х1/2 в|10|14,00|0,00
сантехника|муфта 32х1/2 н|7|18,50|0,00
сантехника|муфта 32х1/2 н|6|16,00|0,00
сантехника|муфта 32х1/4 н|1|19,00|0,00
сантехника|Муфта 32х25|5|22,50|0,00
сантехника|муфта 32х3/4 в|8|18,50|0,00
сантехника|муфта 32х3/4 в|11|16,50|0,00
сантехника|муфта 32х3/4 н|1|18,50|0,00
сантехника|муфта 32х3/4 н|12|18,50|0,00
сантехника|муфта 32х3/4 н|19|16,50|0,00
сантехника|муфта 32х32 в|9|25,00|0,00
сантехника|муфта 32х32 в|12|20,50|0,00
сантехника|муфта 32х32х1,2 в|6|19,00|0,00
сантехника|Муфта 40|1|29,00|0,00
сантехника|Муфта 50|1|32,00|0,00
сантехника|Муфта 50|10|14,00|0,00
сантехника|муфта кор с резьбой   Ø15|22|3,50|0,00
сантехника|муфта кор с резьбой   Ø20|18|4,25|0,00
сантехника|муфта кор с резьбой   Ø25|8|5,25|0,00
сантехника|муфта кор с резьбой   Ø40|7|10,00|0,00
сантехника|муфта кор с резьбой   Ø50|7|12,00|0,00
сантехника|муфта кор с резьбой  длин Ø15|7|4,75|0,00
сантехника|муфта кор с резьбой  длин Ø20|6|6,50|0,00
сантехника|муфта кор с резьбой  длин Ø25|11|6,50|0,00
сантехника|муфта кор с резьбой  длин Ø32|11|10,00|0,00
сантехника|муфта кор с резьбой  длин Ø40|2|14,00|0,00
сантехника|муфта кор с резьбой  длин Ø50|9|21,00|0,00
сантехника|муфта крепление 32х1/2|1|28,50|0,00
сантехника|муфта М-10|1|60,00|0,00
сантехника|муфта м/п Ø16* ½ В  Ø16*  ½ Н|2|16,00|0,00
сантехника|муфта м/п Ø16* ¾ В  Ø16* ¾ Н|2|21,00|0,00
сантехника|муфта м/п Ø16*16|1|25,00|0,00
сантехника|муфта м/п Ø20* ½  Н Ø20 * ½ В|2|25,00|0,00
сантехника|муфта м/п Ø20* ¾ Н Ø20 * ¾ В|2|27,50|0,00
сантехника|муфта м/п Ø20*16|1|61,00|0,00
сантехника|муфта м/п Ø20*20|1|47,00|0,00
сантехника|муфта мет Ø15|14|6,00|0,00
сантехника|муфта мет Ø20|11|7,00|0,00
сантехника|муфта мет Ø25|17|10,50|0,00
сантехника|муфта мет Ø32|16|13,00|0,00
сантехника|муфта мет Ø40|9|29,00|0,00
сантехника|муфта мет Ø50|18|32,00|0,00
сантехника|муфта с накид гай 20х1,2|6|21,00|0,00
сантехника|муфта с накид гай 20х3,4|4|68,00|0,00
сантехника|муфта с накид гай 25/1,2|7|23,00|0,00
сантехника|муфта с накид гай 25/3,4|12|25,00|0,00
сантехника|муфта соед 110|10|44,00|0,00
сантехника|муфта Ø15 корот мет|8|6,00|0,00
сантехника|муфта Ø20 корот мет|9|7,00|0,00
сантехника|муфта Ø25 корот мет|9|10,50|0,00
сантехника|муфта Ø32 корот мет|11|13,00|0,00
сантехника|муфта Ø40 корот мет|7|29,00|0,00
сантехника|муфта Ø50 корот мет|9|32,00|0,00
сантехника|муфта110|20|27,90|0,00
сантехника|навесы мебельные|36|9,50|0,00
сантехника|навесы форточки 30 мм|33|3,00|0,00
сантехника|навесы форточки 40 мм|17|4,00|0,00
сантехника|навесы форточки 50 мм|71|3,50|0,00
сантехника|навесы форточки 60 мм|24|6,00|0,00
сантехника|Нипель ¾ Н лат|11|11,00|0,00
сантехника|Нипель ¾ НН лат |29|7,00|0,00
сантехника|Нипель ¾ НН лат усилен|13|12,00|0,00
сантехника|обычная воронка|2|55,00|0,00
сантехника|обычная воронка|2|55,00|0,00
сантехника|отвод|2|35,00|0,00
сантехника|отвод короткий|1|52,00|0,00
сантехника|отвод резьбовый 20|1|16,00|0,00
сантехника|отвод резьбовый 25|1|21,00|0,00
сантехника|отвод угловой |1|82,00|0,00
сантехника|Отдушина 110|2|77,50|0,00
сантехника|Отдушина 50|5|32,00|0,00
сантехника|отлив крашен Ø150|1|94,00|0,00
сантехника|отлив крашеный 150 мм|7|94,00|0,00
сантехника|отлив оцинк 100 мм|6|63,00|0,00
сантехника|отлив оцинк 150 мм|12|85,00|0,00
сантехника|отлив оцинков Ø100|1|63,00|0,00
сантехника|отлив оцинков Ø150|1|85,00|0,00
сантехника|оцинкованный лист 0,3 мм|2|175,00|0,00
сантехника|оцинкованный лист 0,4 мм|5|225,00|0,00
сантехника|П-обраст 125|69|5,00|0,00
сантехника|П-обраст 125|60|2,50|0,00
сантехника|пакля (м)|6|10,00|0,00
сантехника|пара под смеситель м/п 16 -10|1|60,00|0,00
сантехника|паробарьер|12|12,50|0,00
сантехника|переход  1* В* ¼ В лат|1|20,00|0,00
сантехника|Переход  ½ В* ¼ Н лат|7|10,00|0,00
сантехника|Переход  ¾ В* ½ Нлат|9|10,50|0,00
сантехника|переход 1*В * ½  Н лат|6|12,50|0,00
сантехника|Переход 1*В* ½  В|8|12,50|0,00
сантехника|Переход 1*В* ¾ В лат|3|20,00|0,00
сантехника|переход 1*В* ¾ Н лат|7|17,00|0,00
сантехника|Переход 1*Н* ½  В лат|6|12,50|0,00
сантехника|переход 1*Н* ½  Н лат|13|12,50|0,00
сантехника|Переход 1*Н* ¾   В лат|8|12,00|0,00
сантехника|Переход 1*Н* ¾  лН ла|9|12,50|0,00
сантехника|переход 1*Н*1Н лат|8|17,00|0,00
сантехника|переход 25х20|23|2,50|0,00
сантехника|переход 25х32|19|4,00|0,00
сантехника|Переход ¾ В* ½ В|7|12,50|0,00
сантехника|Переход ¾ Н* ½ В лат|9|10,00|0,00
сантехника|Переход ¾ Н* ½ Н лат|13|10,50|0,00
сантехника|переход оцинк Ø 115*100|1|45,00|0,00
сантехника|перф фасад 2,5м|23|16,50|0,00
сантехника|перф фасад 3м|39|20,00|0,00
сантехника|перф фасад метал 3м|21|20,00|0,00
сантехника|Перфоугол 2,5м|75|9,00|0,00
сантехника|перфоугол арочный 2,5м|43|9,50|0,00
сантехника|перфоугол арочный 3м|13|12,50|0,00
сантехника|перфоугол мет 3м|50|11,00|0,00
сантехника|перфоугол пласм 2,5м|14|9,00|0,00
сантехника|перфоугол пласм 3м|19|11,00|0,00
сантехника|петля на замок 40х80|1|3,50|0,00
сантехника|планка мет №140Х30|1|7,50|0,00
сантехника|планка мет №160 100Х60|1|15,00|0,00
сантехника|планка мет №180 180Х60|1|17,00|0,00
сантехника|планка потолоч карн 2,5|1|54,00|0,00
сантехника|планка установ |2|43,00|0,00
сантехника|планка установ м/п 16|1|77,00|0,00
сантехника|планка установ м/п 16* ½|1|72,00|0,00
сантехника|подложка 3мм|50|7,00|0,00
сантехника|подложка под ламинат 3 мм|30|7,50|0,00
сантехника|поплавок|1|22,00|0,00
сантехника|Поплавок Nova-7023|2|86,00|0,00
сантехника|правило трапеция 150|1|195,00|0,00
сантехника|правило трапеция 200|1|270,00|0,00
сантехника|Пробка 32*15 лев|1|21,00|0,00
сантехника|Пробка 32*15 прав|1|21,00|0,00
сантехника|пробка 32гл л|1|21,00|0,00
сантехника|пробка 32гл прав|1|21,00|0,00
сантехника|пробка в ванну пласм|1|5,00|0,00
сантехника|пробка в ванну рез бел|5|5,00|0,00
сантехника|пробка в ванну синяя|1|5,00|0,00
сантехника|прокладка парал ½|153|0,50|0,00
сантехника|прокладка парал ¾|58|0,65|0,00
сантехника|прокладка под бачек |1|10,00|0,00
сантехника|прокладка под бачек унит,|1|12,00|0,00
сантехника|прокладка рез под бачек |1|10,00|0,00
сантехника|прокладка резиновая|1|10,00|0,00
сантехника|прокладка резиновая 1'|45|0,65|0,00
сантехника|прокладка резиновая ½|90|0,55|0,00
сантехника|прокладка резиновая ¾|35|0,65|0,00
сантехника|прокладка силиконов|3|15,00|0,00
сантехника|прокладка силиконов 1'|30|0,55|0,00
сантехника|прокладка силиконов ½|140|0,35|0,00
сантехника|прокладка силиконов ¾|109|0,35|0,00
сантехника|прокладки унитаз|4|12,00|0,00
сантехника|пульки набор|2|45,00|0,00
сантехника|развальцовка труб|4|6,00|0,00
сантехника|распред с двумя выходами ¾|2|40,00|0,00
сантехника|Распределитель ¾ х ½|1|40,00|0,00
сантехника|рассеиват на душ больш|5|12,00|0,00
сантехника|рассеиват на душ сред|17|5,00|0,00
сантехника|растяжка троса М-10|2|42,00|0,00
сантехника|растяжка троса М-12|2|48,00|0,00
сантехника|растяжка троса М-14|1|77,00|0,00
сантехника|растяжки троса М-16|3|116,00|0,00
сантехника|Ревизия 110|3|49,00|0,00
сантехника|Ревизия 50|5|33,00|0,00
сантехника|редуктор пропанов|1|85,00|0,00
сантехника|резинка уплот |6|6,00|0,00
сантехника|резинка уплот вентель ½|152|0,35|0,00
сантехника|резинка уплот гусак 1'|50|0,75|0,00
сантехника|резинка уплот гусак ½|75|0,45|0,00
сантехника|резинка уплот конусная Ø 20|17|2,50|0,00
сантехника|резинка уплот конусная Ø 25|14|3,00|0,00
сантехника|резинка уплот конусная Ø 40|1|6,00|0,00
сантехника|резинка уплот под фильтр|1|15,00|0,00
сантехника|резинка уплот под фильтр силик|12|15,00|0,00
сантехника|резинка уплот смесит|172|0,35|0,00
сантехника|резинка уплот Ø 16|150|0,35|0,00
сантехника|резинка уплот Ø 20|103|0,40|0,00
сантехника|резинка уплот Ø 32|10|1,50|0,00
сантехника|резинка уплот Ø 40|2|6,00|0,00
сантехника|резинка уплот Ø 40|5|1,50|0,00
сантехника|рем вент 125|1|45,00|0,00
сантехника|рем вент 138/138|1|26,00|0,00
сантехника|рем вент 150/126|1|38,00|0,00
сантехника|рем вент 194/194|2|38,00|0,00
сантехника|рем вент 224/249|1|93,00|0,00
сантехника|рем вент 224/249|1|73,50|0,00
сантехника|рем вент 234/234|1|53,00|0,00
сантехника|рем вент 240/170|1|60,00|0,00
сантехника|рем вент затк|1|19,00|0,00
сантехника|рем комплект оприск|2|30,00|0,00
сантехника|ремкомплект на лампу|6|15,00|0,00
сантехника|ручка двер молоток б|2|25,00|0,00
замки|ручка двер молоток м|2|20,00|0,00
замки|ручка дверная дюрал б|1|20,00|0,00
замки|ручка дверная дюрал м|1|15,00|0,00
замки|ручка дверная кованая ровн |2|42,00|0,00
замки|ручка дверная ляда|1|16,00|0,00
замки|ручка дверная металл|2|3,50|0,00
замки|ручка дверная молот|1|70,00|0,00
замки|ручка дверная молот|1|60,00|0,00
замки|ручка дверная молот|2|25,00|0,00
замки|ручка дверная молоток (м)|1|20,00|0,00
замки|ручка дверная молоток б|2|20,00|0,00
замки|ручка дверная с замком|12|80,00|0,00
замки|ручка защелка AVERS|1|150,00|0,00
замки|ручка кованные|2|42,00|0,00
замки|ручка межкомн |2|85,00|0,00
замки|Ручка межкомн  Зефирка|7|50,00|0,00
замки|ручка межкомн Арико|1|80,00|0,00
замки|ручка межкомн дер|3|35,00|0,00
замки|ручка межкомн мет зефирка|5|50,00|0,00
замки|ручка межкомн молоток|5|53,00|0,00
замки|ручка межкомн Софин|1|250,00|0,00
замки|ручка межкомн тандем|5|82,00|0,00
замки|ручка межкомн FZB|7|200,00|0,00
замки|ручка на гранбуксу|1|27,50|0,00
сантехника|ручка на гранбуксу|6|27,50|0,00
сантехника|ручка на двери мет|2|225,00|0,00
замки|ручка на кран 35|1|40,00|0,00
сантехника|ручка на планке молоток|1|85,00|0,00
сантехника|ручка на смесит квадрат|4|25,00|0,00
сантехника|ручка на смесит круглая|3|20,00|0,00
сантехника|ручка Футбол|1|85,00|0,00
замки|ручки меж F2B|6|200,00|0,00
замки|ручки на мет двери|1|225,00|0,00
замки|сажотруска железо|14|20,00|0,00
сантехника|сажотруска нерж|7|60,00|0,00
сантехника|Сгон длин мет с резьбой Ø15|5|8,00|0,00
сантехника|Сгон длин мет с резьбой Ø20|7|9,50|0,00
сантехника|Сгон длин мет с резьбой Ø25|7|10,50|0,00
сантехника|Сгон длин мет с резьбой Ø32|9|12,00|0,00
сантехника|Сгон длин мет с резьбой Ø40|10|14,00|0,00
сантехника|Сгон длин мет с резьбой Ø50|3|21,00|0,00
сантехника|Сгон корот с резьбой Ø15|10|6,00|0,00
сантехника|Сгон корот с резьбой Ø20|18|4,25|0,00
сантехника|Сгон корот с резьбой Ø25|20|5,25|0,00
сантехника|Сгон корот с резьбой Ø32|19|7,85|0,00
сантехника|Сгон корот с резьбой Ø40|19|10,00|0,00
сантехника|Сгон корот с резьбой Ø50|19|12,00|0,00
сантехника|сгон с дл резьбой Ø15|16|3,50|0,00
сантехника|сгон с дл резьбой Ø20|18|4,25|0,00
сантехника|сгон с дл резьбой Ø25|17|5,25|0,00
сантехника|сгон с дл резьбой Ø32|17|7,85|0,00
сантехника|сгон с дл резьбой Ø40|13|10,00|0,00
сантехника|сгон с дл резьбой Ø50|18|12,00|0,00
сантехника|сгон с резьбой Ø15|12|8,00|0,00
сантехника|сгон с резьбой Ø20|14|9,50|0,00
сантехника|сгон с резьбой Ø25|16|11,50|0,00
сантехника|сгон с резьбой Ø32|17|15,00|0,00
сантехника|сгон с резьбой Ø40|14|19,00|0,00
сантехника|сгон с резьбой Ø50|20|26,00|0,00
сантехника|сетка в евросифон|2|43,00|0,00
сантехника|Сетка рифленный отбойник|5|25,00|0,00
сантехника|сеточка в мойку|5|7,50|0,00
сантехника|сеточка в мойку пл|7|1,50|0,00
сантехника|сеточка в раковину пласм|1|1,50|0,00
сантехника|Сифон  Nova 1050|2|57,00|0,00
сантехника|Сифон  Nova 1061|1|92,00|0,00
сантехника|Сифон 1060 Nova|1|74,00|0,00
сантехника|сифон ванна мет вып|6|77,00|0,00
сантехника|сифон ванна пласм выпуск|2|64,00|0,00
сантехника|сифон ванна пласт вып|1|62,00|0,00
сантехника|сифон Д-02 Flat Steam|2|65,00|0,00
сантехника|Сифон куки В1045|1|260,00|0,00
сантехника|сифон М-02|2|215,00|0,00
сантехника|сифон мойка мет вып|4|65,00|0,00
сантехника|сифон мойка пласт вып|1|44,00|0,00
сантехника|сифон резинка Ø32|10|5,50|0,00
сантехника|Сифон тюльпан LN 01.01|2|42,00|0,00
сантехника|Сифон тюльпан LN 03.01|1|67,00|0,00
сантехника|сифон CV-01 эконом|1|73,00|0,00
сантехника|сифон D-01 |1|65,00|0,00
сантехника|сифон LN -02.01 тюл ульт|1|62,00|0,00
сантехника|Сифон Solo Plast P 0110|1|127,00|0,00
сантехника|Сифон SV -01 эконом|1|73,00|0,00
сантехника|сифон SV-02 Ультра +|1|115,00|0,00
сантехника|скоба|27|16,00|0,00
сантехника|скоба на замок кровельн|33|7,00|0,00
сантехника|скоба на замок кровельн 40*80|4|3,50|0,00
сантехника|скоба на замок кровельн 40*80|25|3,00|0,00
сантехника|скоба под замок|16|2,50|0,00
сантехника|скоба угловая боль|8|7,50|0,00
сантехника|скоба угловая мал|47|2,50|0,00
сантехника|скоба угловая ср|11|3,50|0,00
сантехника|Скоба №2|26|1,00|0,00
сантехника|Скоба №3|25|1,50|0,00
сантехника|смеситель ванна 6083-404|1|675,00|0,00
сантехника|смеситель ванна МАРС 006|1|725,00|0,00
сантехника|смеситель ванна Мастер|1|335,00|0,00
сантехника|смеситель ванна премиум|1|495,00|0,00
сантехника|смеситель ванна Armalura 146|1|470,00|0,00
сантехника|смеситель ванна Cosmos|1|775,00|0,00
сантехника|Смеситель ванна Cosmos 006|1|775,00|0,00
сантехника|смеситель ванна Gromix|1|375,00|0,00
сантехника|смеситель ванна Gromix|1|275,00|0,00
сантехника|смеситель ванна Mars 003|1|505,00|0,00
сантехника|смеситель ванна MARS-yxo|1|370,00|0,00
сантехника|смеситель ванна MF 146|1|735,00|0,00
сантехника|смеситель ванна SMES 142|1|735,00|0,00
сантехника|смеситель ванна Smes 143|1|595,00|0,00
сантехника|смеситель ванна Villa 143|1|675,00|0,00
сантехника|смеситель ванна Violot 009|1|600,00|0,00
сантехника|смеситель кухня  мастер 269|1|100,00|0,00
сантехника|смеситель кухня 6061-401|1|450,00|0,00
сантехника|смеситель кухня арматура 271|1|250,00|0,00
сантехника|смеситель кухня КИА-017|1|415,00|0,00
сантехника|смеситель кухня КИА-275|1|405,00|0,00
сантехника|смеситель кухня КТВ|1|350,00|0,00
сантехника|смеситель кухня марс 011|2|325,00|0,00
сантехника|смеситель кухня мастер 269|3|100,00|0,00
сантехника|смеситель кухня мастер 555|1|145,00|0,00
сантехника|смеситель кухня титан |1|800,00|0,00
сантехника|смеситель кухня Armatura|1|250,00|0,00
сантехника|смеситель кухня Fero|2|155,00|0,00
сантехника|смеситель кухня Fero 01|1|155,00|0,00
сантехника|смеситель кухня Fero-004|1|265,00|0,00
сантехника|смеситель кухня Gromix-004|1|195,00|0,00
сантехника|смеситель кухня Gromix-004 кор|1|185,00|0,00
сантехника|смеситель кухня Gromix-011|1|240,00|0,00
сантехника|смеситель кухня Mars-011|1|325,00|0,00
сантехника|смеситель кухня Mars-011|1|145,00|0,00
сантехника|смеситель кухня Master-271|1|130,00|0,00
сантехника|смеситель кухня Smes 269|1|255,00|0,00
сантехника|смеситель кухня Smes 271|1|315,00|0,00
сантехника|смеситель кухня Smes 273|1|350,00|0,00
сантехника|смеситель кухня SMES-161|1|465,00|0,00
сантехника|смеситель кухня SMES-271|1|315,00|0,00
сантехника|смеситель кухня Titana 007|1|800,00|0,00
сантехника|смеситель Луна прав ремкомплект|5|11,00|0,00
сантехника|смеситель удлинит  силик|1|155,00|0,00
сантехника|смеситель удлинит Ferro|1|95,00|0,00
сантехника|смеситель удлинит Ferro|1|75,00|0,00
сантехника|смеситель удлинит Ferro|1|45,00|0,00
сантехника|смеситель удлинит Zerix1,5м|1|98,00|0,00
сантехника|смеситель удлинит Zerix1,5м|1|45,00|0,00
сантехника|смеситель удлинит Zerix1,75м|1|115,00|0,00
сантехника|смеситель удлинит Zerix1,75м|1|90,00|0,00
сантехника|соединение 5мм|50|8,00|0,00
сантехника|соединение 8мм|16|11,00|0,00
сантехника|соединит с резьбой ½|5|3,00|0,00
сантехника|соединит с резьбой ¾|9|3,50|0,00
сантехника|соединитель полив  ¾|49|3,50|0,00
сантехника|соединитель универ|1|63,00|0,00
сантехника|старт полоса 5|47|6,00|0,00
сантехника|старт полоса 8 бел|20|7,00|0,00
сантехника|старт полоса 8 кор|22|8,00|0,00
сантехника|Термоусадка 10/5|7|8,00|0,00
сантехника|Термоусадка 12/6|6|12,00|0,00
сантехника|Термоусадка 2/1|6|6,00|0,00
сантехника|Термоусадка 2/1|4|5,00|0,00
сантехника|Термоусадка 3/1,5|4|4,00|0,00
сантехника|Термоусадка 4/2|9|5,00|0,00
сантехника|Термоусадка 5/2,5|18|6,00|0,00
сантехника|Термоусадка 8/4|6|7,00|0,00
сантехника|Термоусадка 8/4|25|6,00|0,00
сантехника|Термоусадка Ø 8 набор|1|6,25|0,00
сантехника|трап канализац  50 белый|1|32,00|0,00
сантехника|трап канализац 110 белый|1|77,50|0,00
сантехника|трап канализац 50 боков|1|32,00|0,00
сантехника|трещетка реверс|1|105,00|0,00
сантехника|Тройник  ¾ * ½|27|5,00|0,00
сантехника|Тройник  м/п Ø16*  ½   Н*16|1|33,00|0,00
сантехника|Тройник  м/п Ø16* 16*16|1|41,00|0,00
сантехника|Тройник  м/п Ø20*  ½   В*20 Ø20*  ½   н*20|2|52,00|0,00
сантехника|Тройник  м/п Ø20*  16*20|1|55,00|0,00
сантехника|Тройник  м/п Ø20*  20*20|1|59,00|0,00
сантехника|Тройник  м/п Ø20*  3/4   В*20 Ø20*  ¾  н*20|2|58,00|0,00
сантехника|Тройник  м/п Ø20*16*16|1|67,00|0,00
сантехника|Тройник ½ В*½ В*½ Н лат|6|15,50|0,00
сантехника|Тройник ½ В*½Н*½ В лат|11|15,50|0,00
сантехника|Тройник ½ ВВВ лат|7|15,50|0,00
сантехника|Тройник ½ Н*½ В*½ Н лат|14|15,50|0,00
сантехника|тройник ½ Н*½ Н*½ В лат|9|15,50|0,00
сантехника|Тройник ½ ННН лат|4|16,00|0,00
сантехника|Тройник 110 левый с отвод|5|30,00|0,00
сантехника|Тройник 110 правый с отвод|9|30,00|0,00
сантехника|Тройник 110/900|8|35,00|0,00
сантехника|Тройник 20/20/20|86|5,00|0,00
сантехника|Тройник 20/25/25|13|8,50|0,00
сантехника|Тройник 200 оцинк|1|120,00|0,00
сантехника|тройник 20х1/2 в х20|11|24,50|0,00
сантехника|тройник 20х1/2 вх20|7|19,50|0,00
сантехника|тройник 20х1/2 н х20|5|24,50|0,00
сантехника|тройник 20х1/2 нх20|13|21,00|0,00
сантехника|тройник 20х20х20|9|26,50|0,00
сантехника|тройник 20х3/4 в х20|12|25,00|0,00
сантехника|тройник 20х3/4 н х20|13|25,00|0,00
сантехника|Тройник 25/20/25|47|7,50|0,00
сантехника|Тройник 25/25/25|69|8,00|0,00
сантехника|тройник 25х1 в х25|4|25,00|0,00
сантехника|тройник 25х1 н х25|5|25,00|0,00
сантехника|тройник 25х1/2 в х25|13|23,00|0,00
сантехника|тройник 25х1/2 вх25|10|22,00|0,00
сантехника|тройник 25х1/2 н х25|7|23,00|0,00
сантехника|тройник 25х1/2 нх25|4|23,50|0,00
сантехника|тройник 25х20х25|11|30,00|0,00
сантехника|тройник 25х25х25|9|24,00|0,00
сантехника|тройник 25х3/4 в х25|7|24,00|0,00
сантехника|тройник 25х3/4 вх25|4|22,00|0,00
сантехника|тройник 25х3/4 н х25|11|24,00|0,00
сантехника|тройник 25х3/4 нх25|2|23,00|0,00
сантехника|Тройник ¾  В х ½ В х ¾ В лат|5|25,00|0,00
сантехника|Тройник ¾  В х ½ Н х ¾ В лат|13|25,00|0,00
сантехника|Тройник ¾  В х ¾ Н х ¾ В лат|6|27,00|0,00
сантехника|Тройник ¾  НННлат|9|27,00|0,00
сантехника|Тройник ¾ ВВВ лат|18|25,00|0,00
сантехника|Тройник ¾ ННН лат|5|27,00|0,00
сантехника|тройник 32х1 1,4 н|2|26,00|0,00
сантехника|тройник 32х1/2 в х32|4|29,50|0,00
сантехника|тройник 32х1/2 н х32|6|29,50|0,00
сантехника|тройник 32х1х32 в|2|31,50|0,00
сантехника|тройник 32х1х32 н|2|31,50|0,00
сантехника|тройник 32х20х32|2|31,00|0,00
сантехника|тройник 32х25х32|1|32,50|0,00
сантехника|тройник 32х3/4 в х32|1|31,00|0,00
сантехника|тройник 32х3/4 н х32|6|29,50|0,00
сантехника|тройник 32х32х32|9|36,00|0,00
сантехника|Тройник 50/46|18|15,00|0,00
сантехника|Тройник 50/90|9|15,00|0,00
сантехника|тройник м/п  20* 16*20|8|55,00|0,00
сантехника|тройник м/п 16* ½  В* 17|8|33,00|0,00
сантехника|тройник м/п 16* ½  Н* 16|6|33,00|0,00
сантехника|тройник м/п 16*16*16|9|41,00|0,00
сантехника|тройник нержав Ø120|1|182,00|0,00
сантехника|тройник оцинк Ø 100|11|119,00|0,00
сантехника|тройник оцинк Ø 110|1|68,00|0,00
сантехника|тройник оцинк Ø 115|4|123,00|0,00
сантехника|тройник оцинк Ø 120|5|125,00|0,00
сантехника|тройник оцинк Ø 125|5|130,00|0,00
сантехника|тройник оцинк Ø 130|3|130,00|0,00
сантехника|тройник оцинк Ø 135|1|132,00|0,00
сантехника|тройник оцинк Ø 150|3|142,00|0,00
сантехника|тройник оцинк Ø 150|1|90,00|0,00
сантехника|тройник пластик ¾ |1|18,00|0,00
сантехника|тройник с отвод 110/45|3|30,00|0,00
сантехника|тройник чугун 15|1|16,00|0,00
сантехника|тройник чугун 20|1|21,00|0,00
сантехника|тройник чугун 32|1|68,00|0,00
сантехника|тройник чугун 40|1|85,00|0,00
сантехника|тройник чугун 50|1|114,00|0,00
сантехника|тройник чугун Ø15|1|16,00|0,00
сантехника|тройник чугун Ø20|9|21,00|0,00
сантехника|тройник чугун Ø25|2|29,00|0,00
сантехника|тройник чугун Ø32|2|68,00|0,00
сантехника|тройник чугун Ø40|4|85,00|0,00
сантехника|тройник чугун Ø50|2|114,00|0,00
сантехника|Тройник110*50*110|6|50,00|0,00
сантехника|Тройник110/45|16|35,00|0,00
сантехника|трос для прог труб 3 м Technics|1|65,00|0,00
сантехника|Трос Ø 2,5|21,5|5,00|0,00
сантехника|Трос Ø 5|41|10,00|0,00
сантехника|Труба 0,5 м Ø100|7|36,00|0,00
сантехника|Труба 0,5 м Ø110|8|42,50|0,00
сантехника|Труба 0,5 м Ø115|7|40,00|0,00
сантехника|Труба 0,5 м Ø120|6|45,00|0,00
сантехника|Труба 0,5 м Ø125|5|46,00|0,00
сантехника|Труба 0,5 м Ø130|5|47,00|0,00
сантехника|Труба 0,5 м Ø135|4|48,00|0,00
сантехника|Труба 0,5 м Ø140|3|49,00|0,00
сантехника|Труба 0,5 м Ø150|4|51,00|0,00
сантехника|Труба 0,5 м Ø200|4|72,00|0,00
сантехника|Труба 1 м Ø100|8|76,00|0,00
сантехника|Труба 1 м Ø110|10|88,00|0,00
сантехника|Труба 1 м Ø120|10|79,00|0,00
сантехника|Труба 1 м Ø125|4|86,50|0,00
сантехника|Труба 1 м Ø130|9|92,00|0,00
сантехника|Труба 1 м Ø135|8|94,00|0,00
сантехника|Труба 1 м Ø140|4|99,00|0,00
сантехника|Труба 1 м Ø150|7|100,50|0,00
сантехника|Труба 1 м Ø200|5|145,00|0,00
сантехника|Труба 110*0,3|10|27,00|0,00
сантехника|Труба 110/0,5|10|35,00|0,00
сантехника|Труба 110/1|10|58,00|0,00
сантехника|Труба 110/2|14|96,00|0,00
сантехника|Труба 110/3|12|152,00|0,00
сантехника|Труба 50/0,3|4|15,50|0,00
сантехника|Труба 50/0,5|11|18,00|0,00
сантехника|Труба 50/1|8|27,00|0,00
сантехника|Труба 50/2|13|54,00|0,00
сантехника|Труба 50/3|3|77,00|0,00
сантехника|труба асбест 150|2|425,00|0,00
сантехника|труба вода Ø20 синяя|84|8,00|0,00
сантехника|труба вода Ø20 черная|46|5,50|0,00
сантехника|труба вода Ø25 синяя|127|9,50|0,00
сантехника|труба вода Ø25 черная|53|7,50|0,00
сантехника|труба вода Ø32 синяя|73|11,00|0,00
сантехника|труба вода Ø32 черная|154|10,00|0,00
сантехника|труба гибкая  40х50 ½|4|38,00|0,00
сантехника|труба деш Ø100|2|25,00|0,00
сантехника|труба деш Ø150|2|34,00|0,00
сантехника|труба кан белая d32|3|7,50|0,00
сантехника|труба металлопластик  20|71|23,50|0,00
сантехника|труба нерж Ø120|1|198,50|0,00
сантехника|труба нерж Ø150|1|396,00|0,00
сантехника|труба оцинк 0,5 м |1|72,00|0,00
сантехника|труба оцинк 0,5 м |1|51,00|0,00
сантехника|труба оцинк 0,5 м |1|49,00|0,00
сантехника|труба оцинк 0,5 м |1|48,00|0,00
сантехника|труба оцинк 0,5 м |1|47,00|0,00
сантехника|труба оцинк 0,5 м |1|46,00|0,00
сантехника|труба оцинк 0,5 м |1|45,00|0,00
сантехника|труба оцинк 0,5 м |1|42,50|0,00
сантехника|труба оцинк 0,5 м |1|40,00|0,00
сантехника|труба оцинк 1 м |1|145,00|0,00
сантехника|труба оцинк 1 м |1|100,50|0,00
сантехника|труба оцинк 1 м |1|99,00|0,00
сантехника|труба оцинк 1 м |1|94,00|0,00
сантехника|труба оцинк 1 м |1|92,00|0,00
сантехника|труба оцинк 1 м |1|87,00|0,00
сантехника|труба оцинк 1 м |1|86,50|0,00
сантехника|труба оцинк 1 м |1|79,00|0,00
сантехника|труба оцинк 1 м |1|76,00|0,00
сантехника|труба оцинк 1 м |1|63,00|0,00
сантехника|труба оцинк 1 м дом|1|42,00|0,00
сантехника|труба ш/п D16|31|15,00|0,00
сантехника|труба экопласт 20|34|19,00|0,00
сантехника|труба экопласт 25|18|32,00|0,00
сантехника|труба экопласт 25|64|31,00|0,00
сантехника|угловой слив оцинк|1|82,00|0,00
сантехника|угловой слив оцинк|1|82,00|0,00
сантехника|угловой слив оцинк|1|35,00|0,00
сантехника|угловой слив оцинк|1|35,00|0,00
сантехника|угол  45° Ø200  оцинковка|3|117,00|0,00
сантехника|угол  45° Ø200  оцинковка|3|117,00|0,00
сантехника|угол  45° Ø200  оцинковка|6|86,00|0,00
сантехника|угол  45° Ø200  оцинковка|6|81,00|0,00
сантехника|угол  45° Ø200  оцинковка|3|78,50|0,00
сантехника|угол  45° Ø200  оцинковка|5|78,00|0,00
сантехника|угол  45° Ø200  оцинковка|4|78,00|0,00
сантехника|угол  45° Ø200  оцинковка|2|75,00|0,00
сантехника|угол  45° Ø200  оцинковка|12|73,00|0,00
сантехника|угол  45° Ø200  оцинковка|6|71,00|0,00
сантехника|угол  45° Ø200  оцинковка|4|68,00|0,00
сантехника|угол  внутр 5мм|200|7,50|0,00
сантехника|угол  внутр 8мм|170|8,50|0,00
сантехника|Угол  наруж пласм №5|24|7,50|0,00
сантехника|угол  наружный 5мм|356|7,50|0,00
сантехника|угол  наружный 8мм|159|8,50|0,00
сантехника|угол  наружный зеленый|4|55,00|0,00
сантехника|угол  Ø 100 оцинкован|1|117,00|0,00
сантехника|угол  Ø 100 оцинкован|1|115,00|0,00
сантехника|угол  Ø 100 оцинкован|1|86,00|0,00
сантехника|угол  Ø 100 оцинкован|1|81,00|0,00
сантехника|угол  Ø 100 оцинкован|1|78,50|0,00
сантехника|угол  Ø 100 оцинкован|1|78,00|0,00
сантехника|угол  Ø 100 оцинкован|1|78,00|0,00
сантехника|угол  Ø 100 оцинкован|1|75,00|0,00
сантехника|угол  Ø 100 оцинкован|1|74,00|0,00
сантехника|угол  Ø 100 оцинкован|1|74,00|0,00
сантехника|угол  Ø 100 оцинкован|1|73,00|0,00
сантехника|угол  Ø 100 оцинкован|1|73,00|0,00
сантехника|угол  Ø 100 оцинкован|1|71,00|0,00
сантехника|угол  Ø 100 оцинкован|1|71,00|0,00
сантехника|угол  Ø 100 оцинкован|1|69,00|0,00
сантехника|угол  Ø 100 оцинкован|1|68,00|0,00
сантехника|угол  Ø 100 оцинкован|1|67,00|0,00
сантехника|угол  Ø 100 оцинкован|1|66,00|0,00
сантехника|угол  Ø 100 оцинкован|1|64,00|0,00
сантехника|угол  Ø 100 оцинкован|1|61,00|0,00
сантехника|угол  Ø 100 оцинкован|3|58,00|0,00
сантехника|угол  Ø 100 оцинкован|1|53,00|0,00
сантехника|угол  Ø 100 оцинкован|1|53,00|0,00
сантехника|Угол ½  ВВ лат|15|16,00|0,00
сантехника|угол ½  Н* ½  лВат|6|14,00|0,00
сантехника|Угол ½ НН лат|11|14,00|0,00
сантехника|Угол 110 с отвод 50|1|70,00|0,00
сантехника|Угол 110/30|12|24,00|0,00
сантехника|Угол 110/45|12|24,00|0,00
сантехника|Угол 110/67|9|24,00|0,00
сантехника|Угол 110/90|11|24,00|0,00
сантехника|угол 145º|2|9,00|0,00
сантехника|угол 20х1,2 в|38|20,00|0,00
сантехника|угол 20х1,2 н|15|16,50|0,00
сантехника|угол 20х1/2 в|16|14,00|0,00
сантехника|угол 20х1/2 н|40|14,00|0,00
сантехника|угол 20х20 в|10|17,00|0,00
сантехника|угол 20х3,4 в|4|21,00|0,00
сантехника|угол 20х3,4 н|3|27,00|0,00
сантехника|угол 20х3/4 в|7|15,00|0,00
сантехника|угол 20х3/4 в |1|14,00|0,00
сантехника|угол 20х3/4 н|23|14,00|0,00
сантехника|угол 25х1 в|7|15,00|0,00
сантехника|угол 25х1 н|13|15,00|0,00
сантехника|угол 25х1,2 в|8|19,50|0,00
сантехника|угол 25х1,2 н|4|23,00|0,00
сантехника|угол 25х1/2 в|26|14,00|0,00
сантехника|угол 25х1/2 н|21|14,00|0,00
сантехника|угол 25х25|14|20,00|0,00
сантехника|угол 25х25 ½|1|14,00|0,00
сантехника|угол 25х3,4 в|10|24,50|0,00
сантехника|угол 25х3,4 н|16|30,50|0,00
сантехника|угол 25х3/4 в|27|14,00|0,00
сантехника|угол 25х3/4 н|17|14,00|0,00
сантехника|Угол ¾ В х ½  В лат|8|30,00|0,00
сантехника|Угол ¾ В х ¾ Н лат|12|27,00|0,00
сантехника|Угол ¾ В* ½ В лат|8|14,00|0,00
сантехника|Угол ¾ В* ¾ В лат|12|30,00|0,00
сантехника|Угол ¾ В* ¾ В лат|9|30,00|0,00
сантехника|Угол 45 оцинк Ø100|4|50,00|0,00
сантехника|угол 45° Ø100 оцинковка |6|64,00|0,00
сантехника|угол 45° Ø100 оцинковка |7|61,00|0,00
сантехника|угол 45° Ø110 оцинковка |6|64,00|0,00
сантехника|угол 45° Ø110 оцинковка |7|61,00|0,00
сантехника|угол 45° Ø115 оцинковка|3|66,00|0,00
сантехника|угол 45° Ø120 оцинковка |5|67,00|0,00
сантехника|угол 45° Ø125 оцинковка|4|71,00|0,00
сантехника|угол 45° Ø130 оцинковка |4|69,00|0,00
сантехника|угол 45° Ø135 оцинковка |5|73,00|0,00
сантехника|угол 45° Ø140 оцинковка |10|74,00|0,00
сантехника|угол 45° Ø150 оцинковка |5|74,00|0,00
сантехника|Угол 50/30|10|9,00|0,00
сантехника|Угол 50/45|15|9,00|0,00
сантехника|Угол 50/67|9|9,00|0,00
сантехника|Угол 50/90|5|9,00|0,00
сантехника|угол внутр вишня |8|55,00|0,00
сантехника|угол внутр зеленый |5|55,00|0,00
сантехника|угол внутр коричневый|4|55,00|0,00
сантехника|Угол внутр пласм №5|90|7,50|0,00
сантехника|Угол внутр пласм №8|72|8,50|0,00
сантехника|угол внутр синий|5|55,00|0,00
сантехника|угол водослив  Ø100 45° верхний|1|58,00|0,00
сантехника|угол водослив  Ø100 45° верхний|1|58,00|0,00
сантехника|угол водослив  Ø100 45° нижний|3|58,00|0,00
сантехника|угол водослив  Ø100 45° нижний|3|58,00|0,00
сантехника|угол водослив  Ø100 45° средний|3|58,00|0,00
сантехника|угол водослив  Ø100 45° средний|3|58,00|0,00
сантехника|угол декор 15/15|25|17,00|0,00
сантехника|угол декор 15/15|6|15,00|0,00
сантехника|угол декор 20/20|23|25,00|0,00
сантехника|угол декор 20/20|19|25,00|0,00
сантехника|угол декор 20/20|11|25,00|0,00
сантехника|угол декор 20/20|6|25,00|0,00
сантехника|угол декор 20/20|17|20,00|0,00
сантехника|угол для гипса 10/12|7|10,00|0,00
сантехника|угол для гипса 20/15|12|10,00|0,00
сантехника|угол для плитки внутр|117|20,00|0,00
сантехника|угол для плитки внутр кор|2|25,00|0,00
сантехника|угол для плитки наруж|118|20,00|0,00
сантехника|угол желоба|1|60,00|0,00
сантехника|угол канализац190 с отвод 50|9|40,00|0,00
сантехника|Угол м/п Ø16* ½ В  Ø16* ½ Н|2|21,00|0,00
сантехника|Угол м/п Ø16* ¾  В  Ø16* ¾ Н|2|40,00|0,00
сантехника|Угол м/п Ø16*16|1|26,00|0,00
сантехника|Угол м/п Ø16*20|1|57,00|0,00
сантехника|Угол м/п Ø20* ½ В  Ø20* ½ Н|2|33,00|0,00
сантехника|Угол м/п Ø20* ¾ В Ø20* ¾ Н|2|34,00|0,00
сантехника|Угол м/п Ø20*20|1|43,00|0,00
сантехника|угол мет с резьбой Ø15|18|11,00|0,00
сантехника|угол мет с резьбой Ø20|21|16,00|0,00
сантехника|угол мет с резьбой Ø25|23|21,00|0,00
сантехника|угол мет G15|1|6,00|0,00
сантехника|угол мет G20|1|7,50|0,00
сантехника|угол мет G25|1|10,00|0,00
сантехника|угол мет G32|1|17,00|0,00
сантехника|угол мет G50|1|25,00|0,00
сантехника|угол мет G540|1|20,00|0,00
сантехника|угол мет Ø15 |29|6,00|0,00
сантехника|угол мет Ø20 |31|7,50|0,00
сантехника|угол мет Ø25|20|10,00|0,00
сантехника|угол мет Ø25 |8|10,00|0,00
сантехника|угол мет Ø32|13|17,00|0,00
сантехника|угол мет Ø32|3|17,00|0,00
сантехника|угол мет Ø40|20|20,00|0,00
сантехника|угол мет Ø40 |3|20,00|0,00
сантехника|угол мет Ø50|18|26,00|0,00
сантехника|угол мет Ø50 |8|26,00|0,00
сантехника|угол наруж синий|5|55,00|0,00
сантехника|угол наст плинтус|1|26,00|0,00
сантехника|угол под ванну|7|25,00|0,00
сантехника|угол полив ½|1|2,50|0,00
сантехника|угол поливоч|40|1,50|0,00
сантехника|угол с накид гай 20х3,4|7|25,00|0,00
сантехника|угол строит|1|26,00|0,00
сантехника|угол установоч м/п 16* ½ В|4|29,00|0,00
сантехника|угол установоч м/п 20* ½ В|2|42,00|0,00
сантехника|Угол установоч м/п Ø16*  ¾   В |1|47,00|0,00
сантехника|Угол установоч м/п Ø16* ½  В |1|29,00|0,00
сантехника|Угол установоч м/п Ø20* ½  В |1|42,00|0,00
сантехника|угол установочный 20х1/2 в|1|25,00|0,00
сантехника|угол чугун 25|1|31,00|0,00
сантехника|угол чугун 32|1|43,00|0,00
сантехника|угол чугун 32|1|16,00|0,00
сантехника|угол чугун 40|1|59,00|0,00
сантехника|угол чугун 50|1|83,00|0,00
сантехника|Угол чугун Ø15|9|12,00|0,00
сантехника|Угол чугун Ø20|9|16,00|0,00
сантехника|Угол чугун Ø25|9|31,00|0,00
сантехника|Угол чугун Ø32|2|43,00|0,00
сантехника|Угол чугун Ø40|7|59,00|0,00
сантехника|Угол чугун Ø50|2|83,00|0,00
сантехника|угол Ø20 45º|68|3,50|0,00
сантехника|угол Ø20 90º|56|3,50|0,00
сантехника|угол Ø25 45º|69|5,00|0,00
сантехника|угол Ø25 90º|59|5,00|0,00
сантехника|уголки под ванну|9|3,00|0,00
сантехника|УД профиль экон|7|21,00|0,00
сантехника|удлинитель 1*Н|1|53,50|0,00
сантехника|Удлинитель ½  |1|32,00|0,00
сантехника|Удлинитель ½  100м|5|60,00|0,00
сантехника|Удлинитель ½  10м|5|10,00|0,00
сантехника|Удлинитель ½  15м|6|9,50|0,00
сантехника|Удлинитель ½  20м|13|10,50|0,00
сантехника|Удлинитель ½  25м|1|20,00|0,00
сантехника|Удлинитель ½  40м|4|22,00|0,00
сантехника|Удлинитель ½  50м|5|26,00|0,00
сантехника|Удлинитель ½  60м|5|30,00|0,00
сантехника|Удлинитель ½  80м|1|45,00|0,00
сантехника|Удлинитель ½  80м|2|8,50|0,00
сантехника|Удлинитель ¾ 80м|4|43,00|0,00
сантехника|улитка большая|1|22,00|0,00
сантехника|улитка с держателем|2|20,00|0,00
сантехника|улитка ср|4|15,00|0,00
сантехника|уплотнитель 12х10|24|30,00|0,00
сантехника|уплотнитель 12х10 бел|3|30,00|0,00
сантехника|уплотнитель 12х10 черн|4,5|30,00|0,00
сантехника|уплотнитель 12х14 бел|9,5|30,00|0,00
сантехника|уплотнитель 14х12|20|30,00|0,00
сантехника|Уплотнитель 7,5х9|3,4|12,00|0,00
сантехника|уплотнитель 9х4|37|9,00|0,00
сантехника|уплотнитель 9х5,5|427|12,00|0,00
сантехника|уплотнитель дверной|10|20,00|0,00
сантехника|уплотнитель окон |1|20,00|0,00
сантехника|уплотнитель паста Унипак м|1|50,00|0,00
сантехника|уплотнитель под ст машинку 50*32,50*40,50*25|25|3,50|0,00
сантехника|уплотнитель с фольг 2 мм|50|8,00|0,00
сантехника|уплотнитель с фольг 3 мм|45|12,50|0,00
сантехника|уплотнитель с фольг 5 мм|8,5|12,50|0,00
сантехника|уплотнитель с фольг 8 мм|46|21,00|0,00
сантехника|уплотнитель универсальн|5|22,00|0,00
сантехника|Утеплитель 3 мм Termo|1|60,00|0,00
сантехника|утеплитель 3мм|1|60,00|0,00
сантехника|Утеплитель для трубы d22|4|10,00|0,00
сантехника|Утеплитель для трубы d25|16|4,00|0,00
сантехника|утеплитель Изовер|2|325,00|0,00
сантехника|утеплитель Профитеп|3|330,00|0,00
сантехника|утеплитель с фольгой 2мм|50|7,00|0,00
сантехника|утеплитель с фольгой 3мм|100|12,00|0,00
сантехника|утеплитель с фольгой 5мм|50|12,50|0,00
сантехника|утеплитель Урса|2|340,00|0,00
сантехника|утеплитель d110|3|32,00|0,00
сантехника|Утеплительдля трубы d32|7|5,00|0,00
сантехника|ухо под смеситель Ø 32|2|40,00|0,00
сантехника|ухо под смеситель Ø40|1|45,00|0,00
сантехника|ухо смеситель 35|2|40,00|0,00
сантехника|ухо смеситель 40|2|45,00|0,00
сантехника|фильтр Аквадор|2|0,80|0,00
сантехника|Фильтр аквафор|1|98,00|0,00
сантехника|Фильтр барьер|2|100,00|0,00
сантехника|фильтр вод нитка|5|28,00|0,00
сантехника|фильтр вод уголь|2|52,00|0,00
сантехника|фильтр вод уголь+пропил|2|63,00|0,00
сантехника|фильтр водяной 2й колба|1|215,00|0,00
сантехника|фильтр водяной пропилен|4|20,00|0,00
сантехника|фильтр гриб Ø20|3|29,00|0,00
сантехника|фильтр гриб Ø25|1|38,00|0,00
сантехника|Фильтр нитка |1|28,00|0,00
сантехника|фильтр солевой|2|62,00|0,00
сантехника|Фильтр уголь |1|52,00|0,00
сантехника|фланец метал|12|25,00|0,00
сантехника|хвостовик для ,,,, 110см|1|54,50|0,00
сантехника|хомут 10*16мм|22|3,50|0,00
сантехника|хомут 110|13|7,00|0,00
сантехника|Хомут 120*140|2|10,00|0,00
сантехника|хомут 16*25мм|29|7,50|0,00
сантехника|хомут 16*27мм|2|4,50|0,00
сантехника|Хомут 180*200|1|25,00|0,00
сантехника|хомут 19*26мм|31|5,00|0,00
сантехника|хомут 20*32мм|3|5,00|0,00
сантехника|хомут 23*35мм|10|5,00|0,00
сантехника|хомут 25*40мм|73|6,50|0,00
сантехника|Хомут 50*70|2|7,00|0,00
сантехника|Хомут 60*90|7|7,50|0,00
сантехника|хомут 8*12мм|60|3,50|0,00
сантехника|хомут 8*12мм|36|3,50|0,00
сантехника|хомут водяной D32* ½|10|28,00|0,00
сантехника|хомут водяной D32* ¾|9|28,00|0,00
сантехника|хомут водяной D40* ½|5|32,00|0,00
сантехника|хомут водяной D50* ½|2|35,00|0,00
сантехника|хомут под трос №3|16|2,50|0,00
сантехника|хомут под трос №5|14|3,50|0,00
сантехника|хомут под трос №6|7|3,50|0,00
сантехника|хомут под трос №8|8|6,00|0,00
сантехника|хомут силовой 110*130|1|10,00|0,00
сантехника|хомут силовой 12*20|18|3,50|0,00
сантехника|хомут силовой 140*160|8|12,00|0,00
сантехника|хомут силовой 180*200|4|25,00|0,00
сантехника|хомут силовой 25*40|8|6,00|0,00
сантехника|хомут силовой 25*40|45|5,50|0,00
сантехника|хомут силовой 32*35|8|12,50|0,00
сантехника|хомут силовой 32*50|40|5,50|0,00
сантехника|хомут силовой 37*40|5|13,00|0,00
сантехника|хомут силовой 40*60|9|6,50|0,00
сантехника|хомут силовой 44*60|32|10,00|0,00
сантехника|хомут силовой 48*51|3|15,50|0,00
сантехника|хомут силовой 50*70|13|11,00|0,00
сантехника|хомут силовой 50*71|23|6,00|0,00
сантехника|хомут силовой 56*59|4|18,00|0,00
сантехника|хомут силовой 60*80|10|8,00|0,00
сантехника|хомут силовой 70*90|11|7,50|0,00
сантехника|хомут силовой 74*79|5|25,00|0,00
сантехника|хомут силовой 80*100|5|8,00|0,00
сантехника|хомут силовой 90*110|12|9,00|0,00
сантехника|хомут стяжной 4,6*400|14|1,25|0,00
сантехника|хомут стяжной 4,8*400|33|1,65|0,00
сантехника|хомут стяжной 4,8*400|73|1,50|0,00
сантехника|хомут стяжной 7,2*350|32|3,00|0,00
сантехника|хомут трубы 1'|17|14,00|0,00
сантехника|хомут трубы 1' ½|7|12,00|0,00
сантехника|хомут трубы 1' ¼|10|13,00|0,00
сантехника|хомут трубы 1' ¾|18|13,00|0,00
сантехника|Хомут140*160|1|12,00|0,00
сантехника|цепочка для ванны 50см|11|17,00|0,00
сантехника|чашка с эксцентриком под смеситель|3|45,00|0,00
сантехника|шина под карниз 1,2|8|14,00|0,00
сантехника|шина под карниз 1,60|5|18,00|0,00
сантехника|шина под карниз 2,00|11|22,00|0,00
сантехника|шина под карниз 2,40|7|29,00|0,00
сантехника|шина под карниз 2,80|3|31,00|0,00
сантехника|шина под карниз 3,00|3|33,00|0,00
сантехника|шланг «Техникс» 1,2|18,5|15,00|0,00
сантехника|шланг гибкий  гайка/гайка 0,3|4|26,00|0,00
сантехника|шланг гибкий гайка/гайка 0,4|2|29,00|0,00
сантехника|шланг гибкий гайка/гайка 0,5|3|41,00|0,00
сантехника|шланг гибкий гайка/гайка 0,6|1|35,00|0,00
сантехника|шланг гибкий гайка/гайка 0,8|2|53,00|0,00
сантехника|шланг гибкий гайка/гайка 1,|3|55,00|0,00
сантехника|шланг гибкий гайка/гайка 1,2|1|66,00|0,00
сантехника|шланг гибкий гайка/гайка 1,5|1|64,00|0,00
сантехника|шланг гибкий гайка/штуцер 0,3|4|31,00|0,00
сантехника|шланг гибкий гайка/штуцер 0,4|4|33,00|0,00
сантехника|шланг гибкий гайка/штуцер 0,5|2|30,00|0,00
сантехника|шланг гибкий гайка/штуцер 0,6|1|40,00|0,00
сантехника|шланг гибкий гайка/штуцер 0,8|2|46,00|0,00
сантехника|шланг гибкий гайка/штуцер 1,|2|55,00|0,00
сантехника|шланг гибкий гайка/штуцер 1,20|5|56,00|0,00
сантехника|шланг гибкий гайка/штуцер 1,20|2|56,00|0,00
сантехника|шланг гибкий гайка/штуцер 1,5|3|64,00|0,00
сантехника|шланг гибкий под смеситель 0,3|3|34,50|0,00
сантехника|шланг гибкий под смеситель 0,4|8|32,00|0,00
сантехника|шланг гибкий под смеситель 0,5|4|38,50|0,00
сантехника|шланг гибкий под смеситель 0,6|2|38,00|0,00
сантехника|шланг гибкий под смеситель 0,6|2|36,50|0,00
сантехника|шланг гибкий под смеситель 0,8|5|52,50|0,00
сантехника|шланг гибкий под смеситель 1|5|58,00|0,00
сантехника|Шланг екофлекс 0,6|2|78,00|0,00
сантехника|шланг залив 1,0м|2|27,00|0,00
сантехника|шланг залив 1,5м|1|47,00|0,00
сантехника|шланг залив 1,5м|1|47,00|0,00
сантехника|шланг залив 1м|1|38,00|0,00
сантехника|шланг залив 2,0м|2|55,00|0,00
сантехника|шланг залив 2,5м|1|66,00|0,00
сантехника|шланг залив 2м|1|55,00|0,00
сантехника|шланг залив 3,0м|1|75,00|0,00
сантехника|Шланг кислород|7|27,00|0,00
сантехника|шланг поливоч желт 3/4м|50|17,00|0,00
сантехника|шланг поливоч зелен 3/4м|50|12,00|0,00
сантехника|Шланг поливоч зеленый 1,2 |4,5|12,50|0,00
сантехника|Шланг поливоч зеленый 1,2 |8,7|10,00|0,00
сантехника|Шланг поливоч Турция желтая 1,2|50|12,00|0,00
сантехника|шланг слив 1,0м|1|25,00|0,00
сантехника|шланг слив 1,5м|1|30,00|0,00
сантехника|шланг слив 1,5м|1|30,00|0,00
сантехника|шланг слив 1м|1|25,00|0,00
сантехника|шланг слив 2,0 м|2|30,00|0,00
сантехника|шланг слив 2,5м|1|37,00|0,00
сантехника|шланг слив 3,0м|1|42,00|0,00
сантехника|Шланг Турция желтая 3,4|60,5|17,00|0,00
сантехника|Шланг Турция зеленая|16|17,00|0,00
сантехника|Шланг Турция зеленая 3,4|51,2|12,00|0,00
сантехника|Шланг Турция синяя 1,2|50|12,00|0,00
сантехника|шланг ecoflex вода 1,2м|3|83,00|0,00
сантехника|шланг ecoflex вода 1,5м|6|93,00|0,00
сантехника|шланг ecoflex вода 1м|2|70,00|0,00
сантехника|шланг ecoflex вода 30см|2|45,00|0,00
сантехника|шланг ecoflex вода 40см|1|52,00|0,00
сантехника|шланг ecoflex вода 50см|3|52,00|0,00
сантехника|шланг ecoflex вода 60см|2|59,50|0,00
сантехника|шланг ecoflex вода 80см|3|63,00|0,00
сантехника|шланг ecoflex газ 1,2м|5|92,00|0,00
сантехника|шланг ecoflex газ 1,5м|2|115,00|0,00
сантехника|шланг ecoflex газ 1м|4|86,50|0,00
сантехника|шланг ecoflex газ 2,5м|1|185,00|0,00
сантехника|шланг ecoflex газ 2м|1|140,00|0,00
сантехника|шланг ecoflex газ 30см|2|48,50|0,00
сантехника|шланг ecoflex газ 3м|1|215,00|0,00
сантехника|шланг ecoflex газ 40см|3|60,50|0,00
сантехника|шланг ecoflex газ 50см|3|63,00|0,00
сантехника|шланг ecoflex газ 60см|3|70,00|0,00
сантехника|шланг ecoflex газ 80см|2|72,00|0,00
сантехника|шланг ecoflex под смеситель 30см|4|66,50|0,00
сантехника|шланг ecoflex под смеситель 40см|3|69,00|0,00
сантехника|шланг ecoflex под смеситель 50см|3|72,50|0,00
сантехника|Шланг ecoflex под смеситель 60см|1|73,00|0,00
сантехника|шланг ecoflex под смеситель 80см|6|83,00|0,00
сантехника|шланг ecoflex смеситель 1м|3|93,00|0,00
сантехника|шпингалет б|3|10,00|0,00
сантехника|шпингалет б декорат|10|32,00|0,00
сантехника|шпингалет декорат|1|26,00|0,00
сантехника|шпингалет засов (100 мм)|1|20,00|0,00
сантехника|шпингалет засов 105х55|1|28,00|0,00
сантехника|шпингалет засов 120 мм|1|36,00|0,00
сантехника|шпингалет засов 160мм|1|46,00|0,00
сантехника|шпингалет засов 180мм|1|56,00|0,00
сантехника|шпингалет засов 400мм|1|86,00|0,00
сантехника|шпингалет засов 75х60|1|16,00|0,00
сантехника|шпингалет м|10|8,50|0,00
сантехника|шпингалет м декорат|8|27,00|0,00
сантехника|шпингалет потолочный декорат|1|22,00|0,00
сантехника|шпингалет с|1|7,00|0,00
сантехника|шпингалет с кнопкой|4|27,00|0,00
сантехника|штуцер 1*В 25мп|4|14,00|0,00
сантехника|Штуцер ½ В 10м|9|10,00|0,00
сантехника|Штуцер ½ В 12м|8|9,00|0,00
сантехника|Штуцер ½ В 14м|11|10,50|0,00
сантехника|Штуцер ½ В 16м|20|11,00|0,00
сантехника|Штуцер ½ В 18м|15|11,00|0,00
сантехника|Штуцер ½ В 20м|6|10,00|0,00
сантехника|Штуцер ½ В 6м|8|10,50|0,00
сантехника|Штуцер ½ В 8м|13|8,50|0,00
сантехника|Штуцер ½ Н 10м|20|10,00|0,00
сантехника|Штуцер ½ Н 14м|7|10,50|0,00
сантехника|Штуцер ½ Н 16м|10|11,00|0,00
сантехника|Штуцер ½ Н 18м|9|11,00|0,00
сантехника|Штуцер ½ Н 20м|10|11,00|0,00
сантехника|Штуцер ½ Н 8м|7|8,50|0,00
сантехника|Штуцер ½ Н12м|18|9,00|0,00
сантехника|Штуцер ¾ В 10|4|9,00|0,00
сантехника|Штуцер ¾ В 12|8|10,50|0,00
сантехника|Штуцер ¾ В 14|5|10,50|0,00
сантехника|Штуцер ¾ В 16|7|11,00|0,00
сантехника|Штуцер ¾ В 20м|7|12,50|0,00
сантехника|Штуцер ¾ Н 12м|10|10,50|0,00
сантехника|Штуцер ¾ Н 14м|12|10,50|0,00
сантехника|Штуцер ¾ Н 16м|8|11,00|0,00
сантехника|Штуцер ¾ Н 18м|4|12,00|0,00
сантехника|Штуцер ¾ Н 20м|3|12,50|0,00
сантехника|штуцер под балон ¾левый рез|4|16,00|0,00
сантехника|Штуцер Ø32 Н*30|1|9,00|0,00
сантехника|штуцер1'В*25 1'Н*25 лат|2|14,00|0,00
сантехника|FSB внутр замка 10-08|1|145,00|0,00
